Säge	Löwe
Säge	Loewe
Saege	Löwe
Saege	Loewe
Säge	Ziege
Saege	Ziege
Säge	Axt
Saege	Axt
Säge	Rechen
Saege	Rechen
Säge	Schwein
Saege	Schwein
Säge	Besen
Saege	Besen
Säge	Pferd
Saege	Pferd
Säge	Fuchs
Saege	Fuchs
Säge	Kelle
Saege	Kelle
Säge	Adler
Saege	Adler
Säge	Pfanne
Saege	Pfanne
Säge	Hund
Saege	Hund
Säge	Schraubenschluessel
Säge	Schraubenschlüssel
Säge	Schraubenschlueßel
Säge	Schraubenschlüßel
Saege	Schraubenschluessel
Saege	Schraubenschlüssel
Saege	Schraubenschlueßel
Saege	Schraubenschlüßel
Säge	Katze
Saege	Katze
Säge	Spatel
Saege	Spatel
Säge	Stift
Saege	Stift
Säge	Schaufel
Saege	Schaufel
Säge	Hammer
Saege	Hammer
Säge	Bleistift
Saege	Bleistift
Säge	Delfin
Saege	Delfin
Säge	Wolf
Saege	Wolf
Säge	Bohrer
Saege	Bohrer
Säge	Giraffe
Saege	Giraffe
Säge	Baer
Säge	Bär
Saege	Baer
Saege	Bär
Säge	Alligator
Saege	Alligator
Säge	Elefant
Saege	Elefant
Säge	Eichhoernchen
Säge	Eichhörnchen
Saege	Eichhoernchen
Saege	Eichhörnchen
Säge	Kaninchen
Saege	Kaninchen
Säge	Stier
Saege	Stier
Säge	Kamel
Saege	Kamel
Säge	Zange
Saege	Zange
Säge	Schere
Saege	Schere
Säge	Pinzette
Saege	Pinzette
Säge	Pistole
Saege	Pistole
Säge	Taube
Saege	Taube
Säge	Schaf
Saege	Schaf
Säge	Gabel
Saege	Gabel
Säge	Kamm
Saege	Kamm
Säge	Tiger
Saege	Tiger
Säge	Meißel
Säge	Meissel
Saege	Meißel
Saege	Meissel
Säge	Gepard
Saege	Gepard
Säge	Löffel
Säge	Loeffel
Saege	Löffel
Saege	Loeffel
Säge	Messer
Säge	Meßer
Saege	Messer
Saege	Meßer
Säge	Beil
Saege	Beil
Säge	Ente
Saege	Ente
Säge	Kuh
Saege	Kuh
Löwe	Säge
Löwe	Saege
Loewe	Säge
Loewe	Saege
Löwe	Ziege
Loewe	Ziege
Löwe	Axt
Loewe	Axt
Löwe	Rechen
Loewe	Rechen
Löwe	Schwein
Loewe	Schwein
Löwe	Besen
Loewe	Besen
Löwe	Pferd
Loewe	Pferd
Löwe	Fuchs
Loewe	Fuchs
Löwe	Kelle
Loewe	Kelle
Löwe	Adler
Loewe	Adler
Löwe	Pfanne
Loewe	Pfanne
Löwe	Hund
Loewe	Hund
Löwe	Schraubenschluessel
Löwe	Schraubenschlüssel
Löwe	Schraubenschlueßel
Löwe	Schraubenschlüßel
Loewe	Schraubenschluessel
Loewe	Schraubenschlüssel
Loewe	Schraubenschlueßel
Loewe	Schraubenschlüßel
Löwe	Katze
Loewe	Katze
Löwe	Spatel
Loewe	Spatel
Löwe	Stift
Loewe	Stift
Löwe	Schaufel
Loewe	Schaufel
Löwe	Hammer
Loewe	Hammer
Löwe	Bleistift
Loewe	Bleistift
Löwe	Delfin
Loewe	Delfin
Löwe	Wolf
Loewe	Wolf
Löwe	Bohrer
Loewe	Bohrer
Löwe	Giraffe
Loewe	Giraffe
Löwe	Baer
Löwe	Bär
Loewe	Baer
Loewe	Bär
Löwe	Alligator
Loewe	Alligator
Löwe	Elefant
Loewe	Elefant
Löwe	Eichhoernchen
Löwe	Eichhörnchen
Loewe	Eichhoernchen
Loewe	Eichhörnchen
Löwe	Kaninchen
Loewe	Kaninchen
Löwe	Stier
Loewe	Stier
Löwe	Kamel
Loewe	Kamel
Löwe	Zange
Loewe	Zange
Löwe	Schere
Loewe	Schere
Löwe	Pinzette
Loewe	Pinzette
Löwe	Pistole
Loewe	Pistole
Löwe	Taube
Loewe	Taube
Löwe	Schaf
Loewe	Schaf
Löwe	Gabel
Loewe	Gabel
Löwe	Kamm
Loewe	Kamm
Löwe	Tiger
Loewe	Tiger
Löwe	Meißel
Löwe	Meissel
Loewe	Meißel
Loewe	Meissel
Löwe	Gepard
Loewe	Gepard
Löwe	Löffel
Löwe	Loeffel
Loewe	Löffel
Loewe	Loeffel
Löwe	Messer
Löwe	Meßer
Loewe	Messer
Loewe	Meßer
Löwe	Beil
Loewe	Beil
Löwe	Ente
Loewe	Ente
Löwe	Kuh
Loewe	Kuh
Ziege	Säge
Ziege	Saege
Ziege	Löwe
Ziege	Loewe
Ziege	Axt
Ziege	Rechen
Ziege	Schwein
Ziege	Besen
Ziege	Pferd
Ziege	Fuchs
Ziege	Kelle
Ziege	Adler
Ziege	Pfanne
Ziege	Hund
Ziege	Schraubenschluessel
Ziege	Schraubenschlüssel
Ziege	Schraubenschlueßel
Ziege	Schraubenschlüßel
Ziege	Katze
Ziege	Spatel
Ziege	Stift
Ziege	Schaufel
Ziege	Hammer
Ziege	Bleistift
Ziege	Delfin
Ziege	Wolf
Ziege	Bohrer
Ziege	Giraffe
Ziege	Baer
Ziege	Bär
Ziege	Alligator
Ziege	Elefant
Ziege	Eichhoernchen
Ziege	Eichhörnchen
Ziege	Kaninchen
Ziege	Stier
Ziege	Kamel
Ziege	Zange
Ziege	Schere
Ziege	Pinzette
Ziege	Pistole
Ziege	Taube
Ziege	Schaf
Ziege	Gabel
Ziege	Kamm
Ziege	Tiger
Ziege	Meißel
Ziege	Meissel
Ziege	Gepard
Ziege	Löffel
Ziege	Loeffel
Ziege	Messer
Ziege	Meßer
Ziege	Beil
Ziege	Ente
Ziege	Kuh
Axt	Säge
Axt	Saege
Axt	Löwe
Axt	Loewe
Axt	Ziege
Axt	Rechen
Axt	Schwein
Axt	Besen
Axt	Pferd
Axt	Fuchs
Axt	Kelle
Axt	Adler
Axt	Pfanne
Axt	Hund
Axt	Schraubenschluessel
Axt	Schraubenschlüssel
Axt	Schraubenschlueßel
Axt	Schraubenschlüßel
Axt	Katze
Axt	Spatel
Axt	Stift
Axt	Schaufel
Axt	Hammer
Axt	Bleistift
Axt	Delfin
Axt	Wolf
Axt	Bohrer
Axt	Giraffe
Axt	Baer
Axt	Bär
Axt	Alligator
Axt	Elefant
Axt	Eichhoernchen
Axt	Eichhörnchen
Axt	Kaninchen
Axt	Stier
Axt	Kamel
Axt	Zange
Axt	Schere
Axt	Pinzette
Axt	Pistole
Axt	Taube
Axt	Schaf
Axt	Gabel
Axt	Kamm
Axt	Tiger
Axt	Meißel
Axt	Meissel
Axt	Gepard
Axt	Löffel
Axt	Loeffel
Axt	Messer
Axt	Meßer
Axt	Beil
Axt	Ente
Axt	Kuh
Rechen	Säge
Rechen	Saege
Rechen	Löwe
Rechen	Loewe
Rechen	Ziege
Rechen	Axt
Rechen	Schwein
Rechen	Besen
Rechen	Pferd
Rechen	Fuchs
Rechen	Kelle
Rechen	Adler
Rechen	Pfanne
Rechen	Hund
Rechen	Schraubenschluessel
Rechen	Schraubenschlüssel
Rechen	Schraubenschlueßel
Rechen	Schraubenschlüßel
Rechen	Katze
Rechen	Spatel
Rechen	Stift
Rechen	Schaufel
Rechen	Hammer
Rechen	Bleistift
Rechen	Delfin
Rechen	Wolf
Rechen	Bohrer
Rechen	Giraffe
Rechen	Baer
Rechen	Bär
Rechen	Alligator
Rechen	Elefant
Rechen	Eichhoernchen
Rechen	Eichhörnchen
Rechen	Kaninchen
Rechen	Stier
Rechen	Kamel
Rechen	Zange
Rechen	Schere
Rechen	Pinzette
Rechen	Pistole
Rechen	Taube
Rechen	Schaf
Rechen	Gabel
Rechen	Kamm
Rechen	Tiger
Rechen	Meißel
Rechen	Meissel
Rechen	Gepard
Rechen	Löffel
Rechen	Loeffel
Rechen	Messer
Rechen	Meßer
Rechen	Beil
Rechen	Ente
Rechen	Kuh
Schwein	Säge
Schwein	Saege
Schwein	Löwe
Schwein	Loewe
Schwein	Ziege
Schwein	Axt
Schwein	Rechen
Schwein	Besen
Schwein	Pferd
Schwein	Fuchs
Schwein	Kelle
Schwein	Adler
Schwein	Pfanne
Schwein	Hund
Schwein	Schraubenschluessel
Schwein	Schraubenschlüssel
Schwein	Schraubenschlueßel
Schwein	Schraubenschlüßel
Schwein	Katze
Schwein	Spatel
Schwein	Stift
Schwein	Schaufel
Schwein	Hammer
Schwein	Bleistift
Schwein	Delfin
Schwein	Wolf
Schwein	Bohrer
Schwein	Giraffe
Schwein	Baer
Schwein	Bär
Schwein	Alligator
Schwein	Elefant
Schwein	Eichhoernchen
Schwein	Eichhörnchen
Schwein	Kaninchen
Schwein	Stier
Schwein	Kamel
Schwein	Zange
Schwein	Schere
Schwein	Pinzette
Schwein	Pistole
Schwein	Taube
Schwein	Schaf
Schwein	Gabel
Schwein	Kamm
Schwein	Tiger
Schwein	Meißel
Schwein	Meissel
Schwein	Gepard
Schwein	Löffel
Schwein	Loeffel
Schwein	Messer
Schwein	Meßer
Schwein	Beil
Schwein	Ente
Schwein	Kuh
Besen	Säge
Besen	Saege
Besen	Löwe
Besen	Loewe
Besen	Ziege
Besen	Axt
Besen	Rechen
Besen	Schwein
Besen	Pferd
Besen	Fuchs
Besen	Kelle
Besen	Adler
Besen	Pfanne
Besen	Hund
Besen	Schraubenschluessel
Besen	Schraubenschlüssel
Besen	Schraubenschlueßel
Besen	Schraubenschlüßel
Besen	Katze
Besen	Spatel
Besen	Stift
Besen	Schaufel
Besen	Hammer
Besen	Bleistift
Besen	Delfin
Besen	Wolf
Besen	Bohrer
Besen	Giraffe
Besen	Baer
Besen	Bär
Besen	Alligator
Besen	Elefant
Besen	Eichhoernchen
Besen	Eichhörnchen
Besen	Kaninchen
Besen	Stier
Besen	Kamel
Besen	Zange
Besen	Schere
Besen	Pinzette
Besen	Pistole
Besen	Taube
Besen	Schaf
Besen	Gabel
Besen	Kamm
Besen	Tiger
Besen	Meißel
Besen	Meissel
Besen	Gepard
Besen	Löffel
Besen	Loeffel
Besen	Messer
Besen	Meßer
Besen	Beil
Besen	Ente
Besen	Kuh
Pferd	Säge
Pferd	Saege
Pferd	Löwe
Pferd	Loewe
Pferd	Ziege
Pferd	Axt
Pferd	Rechen
Pferd	Schwein
Pferd	Besen
Pferd	Fuchs
Pferd	Kelle
Pferd	Adler
Pferd	Pfanne
Pferd	Hund
Pferd	Schraubenschluessel
Pferd	Schraubenschlüssel
Pferd	Schraubenschlueßel
Pferd	Schraubenschlüßel
Pferd	Katze
Pferd	Spatel
Pferd	Stift
Pferd	Schaufel
Pferd	Hammer
Pferd	Bleistift
Pferd	Delfin
Pferd	Wolf
Pferd	Bohrer
Pferd	Giraffe
Pferd	Baer
Pferd	Bär
Pferd	Alligator
Pferd	Elefant
Pferd	Eichhoernchen
Pferd	Eichhörnchen
Pferd	Kaninchen
Pferd	Stier
Pferd	Kamel
Pferd	Zange
Pferd	Schere
Pferd	Pinzette
Pferd	Pistole
Pferd	Taube
Pferd	Schaf
Pferd	Gabel
Pferd	Kamm
Pferd	Tiger
Pferd	Meißel
Pferd	Meissel
Pferd	Gepard
Pferd	Löffel
Pferd	Loeffel
Pferd	Messer
Pferd	Meßer
Pferd	Beil
Pferd	Ente
Pferd	Kuh
Fuchs	Säge
Fuchs	Saege
Fuchs	Löwe
Fuchs	Loewe
Fuchs	Ziege
Fuchs	Axt
Fuchs	Rechen
Fuchs	Schwein
Fuchs	Besen
Fuchs	Pferd
Fuchs	Kelle
Fuchs	Adler
Fuchs	Pfanne
Fuchs	Hund
Fuchs	Schraubenschluessel
Fuchs	Schraubenschlüssel
Fuchs	Schraubenschlueßel
Fuchs	Schraubenschlüßel
Fuchs	Katze
Fuchs	Spatel
Fuchs	Stift
Fuchs	Schaufel
Fuchs	Hammer
Fuchs	Bleistift
Fuchs	Delfin
Fuchs	Wolf
Fuchs	Bohrer
Fuchs	Giraffe
Fuchs	Baer
Fuchs	Bär
Fuchs	Alligator
Fuchs	Elefant
Fuchs	Eichhoernchen
Fuchs	Eichhörnchen
Fuchs	Kaninchen
Fuchs	Stier
Fuchs	Kamel
Fuchs	Zange
Fuchs	Schere
Fuchs	Pinzette
Fuchs	Pistole
Fuchs	Taube
Fuchs	Schaf
Fuchs	Gabel
Fuchs	Kamm
Fuchs	Tiger
Fuchs	Meißel
Fuchs	Meissel
Fuchs	Gepard
Fuchs	Löffel
Fuchs	Loeffel
Fuchs	Messer
Fuchs	Meßer
Fuchs	Beil
Fuchs	Ente
Fuchs	Kuh
Kelle	Säge
Kelle	Saege
Kelle	Löwe
Kelle	Loewe
Kelle	Ziege
Kelle	Axt
Kelle	Rechen
Kelle	Schwein
Kelle	Besen
Kelle	Pferd
Kelle	Fuchs
Kelle	Adler
Kelle	Pfanne
Kelle	Hund
Kelle	Schraubenschluessel
Kelle	Schraubenschlüssel
Kelle	Schraubenschlueßel
Kelle	Schraubenschlüßel
Kelle	Katze
Kelle	Spatel
Kelle	Stift
Kelle	Schaufel
Kelle	Hammer
Kelle	Bleistift
Kelle	Delfin
Kelle	Wolf
Kelle	Bohrer
Kelle	Giraffe
Kelle	Baer
Kelle	Bär
Kelle	Alligator
Kelle	Elefant
Kelle	Eichhoernchen
Kelle	Eichhörnchen
Kelle	Kaninchen
Kelle	Stier
Kelle	Kamel
Kelle	Zange
Kelle	Schere
Kelle	Pinzette
Kelle	Pistole
Kelle	Taube
Kelle	Schaf
Kelle	Gabel
Kelle	Kamm
Kelle	Tiger
Kelle	Meißel
Kelle	Meissel
Kelle	Gepard
Kelle	Löffel
Kelle	Loeffel
Kelle	Messer
Kelle	Meßer
Kelle	Beil
Kelle	Ente
Kelle	Kuh
Adler	Säge
Adler	Saege
Adler	Löwe
Adler	Loewe
Adler	Ziege
Adler	Axt
Adler	Rechen
Adler	Schwein
Adler	Besen
Adler	Pferd
Adler	Fuchs
Adler	Kelle
Adler	Pfanne
Adler	Hund
Adler	Schraubenschluessel
Adler	Schraubenschlüssel
Adler	Schraubenschlueßel
Adler	Schraubenschlüßel
Adler	Katze
Adler	Spatel
Adler	Stift
Adler	Schaufel
Adler	Hammer
Adler	Bleistift
Adler	Delfin
Adler	Wolf
Adler	Bohrer
Adler	Giraffe
Adler	Baer
Adler	Bär
Adler	Alligator
Adler	Elefant
Adler	Eichhoernchen
Adler	Eichhörnchen
Adler	Kaninchen
Adler	Stier
Adler	Kamel
Adler	Zange
Adler	Schere
Adler	Pinzette
Adler	Pistole
Adler	Taube
Adler	Schaf
Adler	Gabel
Adler	Kamm
Adler	Tiger
Adler	Meißel
Adler	Meissel
Adler	Gepard
Adler	Löffel
Adler	Loeffel
Adler	Messer
Adler	Meßer
Adler	Beil
Adler	Ente
Adler	Kuh
Pfanne	Säge
Pfanne	Saege
Pfanne	Löwe
Pfanne	Loewe
Pfanne	Ziege
Pfanne	Axt
Pfanne	Rechen
Pfanne	Schwein
Pfanne	Besen
Pfanne	Pferd
Pfanne	Fuchs
Pfanne	Kelle
Pfanne	Adler
Pfanne	Hund
Pfanne	Schraubenschluessel
Pfanne	Schraubenschlüssel
Pfanne	Schraubenschlueßel
Pfanne	Schraubenschlüßel
Pfanne	Katze
Pfanne	Spatel
Pfanne	Stift
Pfanne	Schaufel
Pfanne	Hammer
Pfanne	Bleistift
Pfanne	Delfin
Pfanne	Wolf
Pfanne	Bohrer
Pfanne	Giraffe
Pfanne	Baer
Pfanne	Bär
Pfanne	Alligator
Pfanne	Elefant
Pfanne	Eichhoernchen
Pfanne	Eichhörnchen
Pfanne	Kaninchen
Pfanne	Stier
Pfanne	Kamel
Pfanne	Zange
Pfanne	Schere
Pfanne	Pinzette
Pfanne	Pistole
Pfanne	Taube
Pfanne	Schaf
Pfanne	Gabel
Pfanne	Kamm
Pfanne	Tiger
Pfanne	Meißel
Pfanne	Meissel
Pfanne	Gepard
Pfanne	Löffel
Pfanne	Loeffel
Pfanne	Messer
Pfanne	Meßer
Pfanne	Beil
Pfanne	Ente
Pfanne	Kuh
Hund	Säge
Hund	Saege
Hund	Löwe
Hund	Loewe
Hund	Ziege
Hund	Axt
Hund	Rechen
Hund	Schwein
Hund	Besen
Hund	Pferd
Hund	Fuchs
Hund	Kelle
Hund	Adler
Hund	Pfanne
Hund	Schraubenschluessel
Hund	Schraubenschlüssel
Hund	Schraubenschlueßel
Hund	Schraubenschlüßel
Hund	Katze
Hund	Spatel
Hund	Stift
Hund	Schaufel
Hund	Hammer
Hund	Bleistift
Hund	Delfin
Hund	Wolf
Hund	Bohrer
Hund	Giraffe
Hund	Baer
Hund	Bär
Hund	Alligator
Hund	Elefant
Hund	Eichhoernchen
Hund	Eichhörnchen
Hund	Kaninchen
Hund	Stier
Hund	Kamel
Hund	Zange
Hund	Schere
Hund	Pinzette
Hund	Pistole
Hund	Taube
Hund	Schaf
Hund	Gabel
Hund	Kamm
Hund	Tiger
Hund	Meißel
Hund	Meissel
Hund	Gepard
Hund	Löffel
Hund	Loeffel
Hund	Messer
Hund	Meßer
Hund	Beil
Hund	Ente
Hund	Kuh
Schraubenschluessel	Säge
Schraubenschluessel	Saege
Schraubenschlüssel	Säge
Schraubenschlüssel	Saege
Schraubenschlueßel	Säge
Schraubenschlueßel	Saege
Schraubenschlüßel	Säge
Schraubenschlüßel	Saege
Schraubenschluessel	Löwe
Schraubenschluessel	Loewe
Schraubenschlüssel	Löwe
Schraubenschlüssel	Loewe
Schraubenschlueßel	Löwe
Schraubenschlueßel	Loewe
Schraubenschlüßel	Löwe
Schraubenschlüßel	Loewe
Schraubenschluessel	Ziege
Schraubenschlüssel	Ziege
Schraubenschlueßel	Ziege
Schraubenschlüßel	Ziege
Schraubenschluessel	Axt
Schraubenschlüssel	Axt
Schraubenschlueßel	Axt
Schraubenschlüßel	Axt
Schraubenschluessel	Rechen
Schraubenschlüssel	Rechen
Schraubenschlueßel	Rechen
Schraubenschlüßel	Rechen
Schraubenschluessel	Schwein
Schraubenschlüssel	Schwein
Schraubenschlueßel	Schwein
Schraubenschlüßel	Schwein
Schraubenschluessel	Besen
Schraubenschlüssel	Besen
Schraubenschlueßel	Besen
Schraubenschlüßel	Besen
Schraubenschluessel	Pferd
Schraubenschlüssel	Pferd
Schraubenschlueßel	Pferd
Schraubenschlüßel	Pferd
Schraubenschluessel	Fuchs
Schraubenschlüssel	Fuchs
Schraubenschlueßel	Fuchs
Schraubenschlüßel	Fuchs
Schraubenschluessel	Kelle
Schraubenschlüssel	Kelle
Schraubenschlueßel	Kelle
Schraubenschlüßel	Kelle
Schraubenschluessel	Adler
Schraubenschlüssel	Adler
Schraubenschlueßel	Adler
Schraubenschlüßel	Adler
Schraubenschluessel	Pfanne
Schraubenschlüssel	Pfanne
Schraubenschlueßel	Pfanne
Schraubenschlüßel	Pfanne
Schraubenschluessel	Hund
Schraubenschlüssel	Hund
Schraubenschlueßel	Hund
Schraubenschlüßel	Hund
Schraubenschluessel	Katze
Schraubenschlüssel	Katze
Schraubenschlueßel	Katze
Schraubenschlüßel	Katze
Schraubenschluessel	Spatel
Schraubenschlüssel	Spatel
Schraubenschlueßel	Spatel
Schraubenschlüßel	Spatel
Schraubenschluessel	Stift
Schraubenschlüssel	Stift
Schraubenschlueßel	Stift
Schraubenschlüßel	Stift
Schraubenschluessel	Schaufel
Schraubenschlüssel	Schaufel
Schraubenschlueßel	Schaufel
Schraubenschlüßel	Schaufel
Schraubenschluessel	Hammer
Schraubenschlüssel	Hammer
Schraubenschlueßel	Hammer
Schraubenschlüßel	Hammer
Schraubenschluessel	Bleistift
Schraubenschlüssel	Bleistift
Schraubenschlueßel	Bleistift
Schraubenschlüßel	Bleistift
Schraubenschluessel	Delfin
Schraubenschlüssel	Delfin
Schraubenschlueßel	Delfin
Schraubenschlüßel	Delfin
Schraubenschluessel	Wolf
Schraubenschlüssel	Wolf
Schraubenschlueßel	Wolf
Schraubenschlüßel	Wolf
Schraubenschluessel	Bohrer
Schraubenschlüssel	Bohrer
Schraubenschlueßel	Bohrer
Schraubenschlüßel	Bohrer
Schraubenschluessel	Giraffe
Schraubenschlüssel	Giraffe
Schraubenschlueßel	Giraffe
Schraubenschlüßel	Giraffe
Schraubenschluessel	Baer
Schraubenschluessel	Bär
Schraubenschlüssel	Baer
Schraubenschlüssel	Bär
Schraubenschlueßel	Baer
Schraubenschlueßel	Bär
Schraubenschlüßel	Baer
Schraubenschlüßel	Bär
Schraubenschluessel	Alligator
Schraubenschlüssel	Alligator
Schraubenschlueßel	Alligator
Schraubenschlüßel	Alligator
Schraubenschluessel	Elefant
Schraubenschlüssel	Elefant
Schraubenschlueßel	Elefant
Schraubenschlüßel	Elefant
Schraubenschluessel	Eichhoernchen
Schraubenschluessel	Eichhörnchen
Schraubenschlüssel	Eichhoernchen
Schraubenschlüssel	Eichhörnchen
Schraubenschlueßel	Eichhoernchen
Schraubenschlueßel	Eichhörnchen
Schraubenschlüßel	Eichhoernchen
Schraubenschlüßel	Eichhörnchen
Schraubenschluessel	Kaninchen
Schraubenschlüssel	Kaninchen
Schraubenschlueßel	Kaninchen
Schraubenschlüßel	Kaninchen
Schraubenschluessel	Stier
Schraubenschlüssel	Stier
Schraubenschlueßel	Stier
Schraubenschlüßel	Stier
Schraubenschluessel	Kamel
Schraubenschlüssel	Kamel
Schraubenschlueßel	Kamel
Schraubenschlüßel	Kamel
Schraubenschluessel	Zange
Schraubenschlüssel	Zange
Schraubenschlueßel	Zange
Schraubenschlüßel	Zange
Schraubenschluessel	Schere
Schraubenschlüssel	Schere
Schraubenschlueßel	Schere
Schraubenschlüßel	Schere
Schraubenschluessel	Pinzette
Schraubenschlüssel	Pinzette
Schraubenschlueßel	Pinzette
Schraubenschlüßel	Pinzette
Schraubenschluessel	Pistole
Schraubenschlüssel	Pistole
Schraubenschlueßel	Pistole
Schraubenschlüßel	Pistole
Schraubenschluessel	Taube
Schraubenschlüssel	Taube
Schraubenschlueßel	Taube
Schraubenschlüßel	Taube
Schraubenschluessel	Schaf
Schraubenschlüssel	Schaf
Schraubenschlueßel	Schaf
Schraubenschlüßel	Schaf
Schraubenschluessel	Gabel
Schraubenschlüssel	Gabel
Schraubenschlueßel	Gabel
Schraubenschlüßel	Gabel
Schraubenschluessel	Kamm
Schraubenschlüssel	Kamm
Schraubenschlueßel	Kamm
Schraubenschlüßel	Kamm
Schraubenschluessel	Tiger
Schraubenschlüssel	Tiger
Schraubenschlueßel	Tiger
Schraubenschlüßel	Tiger
Schraubenschluessel	Meißel
Schraubenschluessel	Meissel
Schraubenschlüssel	Meißel
Schraubenschlüssel	Meissel
Schraubenschlueßel	Meißel
Schraubenschlueßel	Meissel
Schraubenschlüßel	Meißel
Schraubenschlüßel	Meissel
Schraubenschluessel	Gepard
Schraubenschlüssel	Gepard
Schraubenschlueßel	Gepard
Schraubenschlüßel	Gepard
Schraubenschluessel	Löffel
Schraubenschluessel	Loeffel
Schraubenschlüssel	Löffel
Schraubenschlüssel	Loeffel
Schraubenschlueßel	Löffel
Schraubenschlueßel	Loeffel
Schraubenschlüßel	Löffel
Schraubenschlüßel	Loeffel
Schraubenschluessel	Messer
Schraubenschluessel	Meßer
Schraubenschlüssel	Messer
Schraubenschlüssel	Meßer
Schraubenschlueßel	Messer
Schraubenschlueßel	Meßer
Schraubenschlüßel	Messer
Schraubenschlüßel	Meßer
Schraubenschluessel	Beil
Schraubenschlüssel	Beil
Schraubenschlueßel	Beil
Schraubenschlüßel	Beil
Schraubenschluessel	Ente
Schraubenschlüssel	Ente
Schraubenschlueßel	Ente
Schraubenschlüßel	Ente
Schraubenschluessel	Kuh
Schraubenschlüssel	Kuh
Schraubenschlueßel	Kuh
Schraubenschlüßel	Kuh
Katze	Säge
Katze	Saege
Katze	Löwe
Katze	Loewe
Katze	Ziege
Katze	Axt
Katze	Rechen
Katze	Schwein
Katze	Besen
Katze	Pferd
Katze	Fuchs
Katze	Kelle
Katze	Adler
Katze	Pfanne
Katze	Hund
Katze	Schraubenschluessel
Katze	Schraubenschlüssel
Katze	Schraubenschlueßel
Katze	Schraubenschlüßel
Katze	Spatel
Katze	Stift
Katze	Schaufel
Katze	Hammer
Katze	Bleistift
Katze	Delfin
Katze	Wolf
Katze	Bohrer
Katze	Giraffe
Katze	Baer
Katze	Bär
Katze	Alligator
Katze	Elefant
Katze	Eichhoernchen
Katze	Eichhörnchen
Katze	Kaninchen
Katze	Stier
Katze	Kamel
Katze	Zange
Katze	Schere
Katze	Pinzette
Katze	Pistole
Katze	Taube
Katze	Schaf
Katze	Gabel
Katze	Kamm
Katze	Tiger
Katze	Meißel
Katze	Meissel
Katze	Gepard
Katze	Löffel
Katze	Loeffel
Katze	Messer
Katze	Meßer
Katze	Beil
Katze	Ente
Katze	Kuh
Spatel	Säge
Spatel	Saege
Spatel	Löwe
Spatel	Loewe
Spatel	Ziege
Spatel	Axt
Spatel	Rechen
Spatel	Schwein
Spatel	Besen
Spatel	Pferd
Spatel	Fuchs
Spatel	Kelle
Spatel	Adler
Spatel	Pfanne
Spatel	Hund
Spatel	Schraubenschluessel
Spatel	Schraubenschlüssel
Spatel	Schraubenschlueßel
Spatel	Schraubenschlüßel
Spatel	Katze
Spatel	Stift
Spatel	Schaufel
Spatel	Hammer
Spatel	Bleistift
Spatel	Delfin
Spatel	Wolf
Spatel	Bohrer
Spatel	Giraffe
Spatel	Baer
Spatel	Bär
Spatel	Alligator
Spatel	Elefant
Spatel	Eichhoernchen
Spatel	Eichhörnchen
Spatel	Kaninchen
Spatel	Stier
Spatel	Kamel
Spatel	Zange
Spatel	Schere
Spatel	Pinzette
Spatel	Pistole
Spatel	Taube
Spatel	Schaf
Spatel	Gabel
Spatel	Kamm
Spatel	Tiger
Spatel	Meißel
Spatel	Meissel
Spatel	Gepard
Spatel	Löffel
Spatel	Loeffel
Spatel	Messer
Spatel	Meßer
Spatel	Beil
Spatel	Ente
Spatel	Kuh
Stift	Säge
Stift	Saege
Stift	Löwe
Stift	Loewe
Stift	Ziege
Stift	Axt
Stift	Rechen
Stift	Schwein
Stift	Besen
Stift	Pferd
Stift	Fuchs
Stift	Kelle
Stift	Adler
Stift	Pfanne
Stift	Hund
Stift	Schraubenschluessel
Stift	Schraubenschlüssel
Stift	Schraubenschlueßel
Stift	Schraubenschlüßel
Stift	Katze
Stift	Spatel
Stift	Schaufel
Stift	Hammer
Stift	Bleistift
Stift	Delfin
Stift	Wolf
Stift	Bohrer
Stift	Giraffe
Stift	Baer
Stift	Bär
Stift	Alligator
Stift	Elefant
Stift	Eichhoernchen
Stift	Eichhörnchen
Stift	Kaninchen
Stift	Stier
Stift	Kamel
Stift	Zange
Stift	Schere
Stift	Pinzette
Stift	Pistole
Stift	Taube
Stift	Schaf
Stift	Gabel
Stift	Kamm
Stift	Tiger
Stift	Meißel
Stift	Meissel
Stift	Gepard
Stift	Löffel
Stift	Loeffel
Stift	Messer
Stift	Meßer
Stift	Beil
Stift	Ente
Stift	Kuh
Schaufel	Säge
Schaufel	Saege
Schaufel	Löwe
Schaufel	Loewe
Schaufel	Ziege
Schaufel	Axt
Schaufel	Rechen
Schaufel	Schwein
Schaufel	Besen
Schaufel	Pferd
Schaufel	Fuchs
Schaufel	Kelle
Schaufel	Adler
Schaufel	Pfanne
Schaufel	Hund
Schaufel	Schraubenschluessel
Schaufel	Schraubenschlüssel
Schaufel	Schraubenschlueßel
Schaufel	Schraubenschlüßel
Schaufel	Katze
Schaufel	Spatel
Schaufel	Stift
Schaufel	Hammer
Schaufel	Bleistift
Schaufel	Delfin
Schaufel	Wolf
Schaufel	Bohrer
Schaufel	Giraffe
Schaufel	Baer
Schaufel	Bär
Schaufel	Alligator
Schaufel	Elefant
Schaufel	Eichhoernchen
Schaufel	Eichhörnchen
Schaufel	Kaninchen
Schaufel	Stier
Schaufel	Kamel
Schaufel	Zange
Schaufel	Schere
Schaufel	Pinzette
Schaufel	Pistole
Schaufel	Taube
Schaufel	Schaf
Schaufel	Gabel
Schaufel	Kamm
Schaufel	Tiger
Schaufel	Meißel
Schaufel	Meissel
Schaufel	Gepard
Schaufel	Löffel
Schaufel	Loeffel
Schaufel	Messer
Schaufel	Meßer
Schaufel	Beil
Schaufel	Ente
Schaufel	Kuh
Hammer	Säge
Hammer	Saege
Hammer	Löwe
Hammer	Loewe
Hammer	Ziege
Hammer	Axt
Hammer	Rechen
Hammer	Schwein
Hammer	Besen
Hammer	Pferd
Hammer	Fuchs
Hammer	Kelle
Hammer	Adler
Hammer	Pfanne
Hammer	Hund
Hammer	Schraubenschluessel
Hammer	Schraubenschlüssel
Hammer	Schraubenschlueßel
Hammer	Schraubenschlüßel
Hammer	Katze
Hammer	Spatel
Hammer	Stift
Hammer	Schaufel
Hammer	Bleistift
Hammer	Delfin
Hammer	Wolf
Hammer	Bohrer
Hammer	Giraffe
Hammer	Baer
Hammer	Bär
Hammer	Alligator
Hammer	Elefant
Hammer	Eichhoernchen
Hammer	Eichhörnchen
Hammer	Kaninchen
Hammer	Stier
Hammer	Kamel
Hammer	Zange
Hammer	Schere
Hammer	Pinzette
Hammer	Pistole
Hammer	Taube
Hammer	Schaf
Hammer	Gabel
Hammer	Kamm
Hammer	Tiger
Hammer	Meißel
Hammer	Meissel
Hammer	Gepard
Hammer	Löffel
Hammer	Loeffel
Hammer	Messer
Hammer	Meßer
Hammer	Beil
Hammer	Ente
Hammer	Kuh
Bleistift	Säge
Bleistift	Saege
Bleistift	Löwe
Bleistift	Loewe
Bleistift	Ziege
Bleistift	Axt
Bleistift	Rechen
Bleistift	Schwein
Bleistift	Besen
Bleistift	Pferd
Bleistift	Fuchs
Bleistift	Kelle
Bleistift	Adler
Bleistift	Pfanne
Bleistift	Hund
Bleistift	Schraubenschluessel
Bleistift	Schraubenschlüssel
Bleistift	Schraubenschlueßel
Bleistift	Schraubenschlüßel
Bleistift	Katze
Bleistift	Spatel
Bleistift	Stift
Bleistift	Schaufel
Bleistift	Hammer
Bleistift	Delfin
Bleistift	Wolf
Bleistift	Bohrer
Bleistift	Giraffe
Bleistift	Baer
Bleistift	Bär
Bleistift	Alligator
Bleistift	Elefant
Bleistift	Eichhoernchen
Bleistift	Eichhörnchen
Bleistift	Kaninchen
Bleistift	Stier
Bleistift	Kamel
Bleistift	Zange
Bleistift	Schere
Bleistift	Pinzette
Bleistift	Pistole
Bleistift	Taube
Bleistift	Schaf
Bleistift	Gabel
Bleistift	Kamm
Bleistift	Tiger
Bleistift	Meißel
Bleistift	Meissel
Bleistift	Gepard
Bleistift	Löffel
Bleistift	Loeffel
Bleistift	Messer
Bleistift	Meßer
Bleistift	Beil
Bleistift	Ente
Bleistift	Kuh
Delfin	Säge
Delfin	Saege
Delfin	Löwe
Delfin	Loewe
Delfin	Ziege
Delfin	Axt
Delfin	Rechen
Delfin	Schwein
Delfin	Besen
Delfin	Pferd
Delfin	Fuchs
Delfin	Kelle
Delfin	Adler
Delfin	Pfanne
Delfin	Hund
Delfin	Schraubenschluessel
Delfin	Schraubenschlüssel
Delfin	Schraubenschlueßel
Delfin	Schraubenschlüßel
Delfin	Katze
Delfin	Spatel
Delfin	Stift
Delfin	Schaufel
Delfin	Hammer
Delfin	Bleistift
Delfin	Wolf
Delfin	Bohrer
Delfin	Giraffe
Delfin	Baer
Delfin	Bär
Delfin	Alligator
Delfin	Elefant
Delfin	Eichhoernchen
Delfin	Eichhörnchen
Delfin	Kaninchen
Delfin	Stier
Delfin	Kamel
Delfin	Zange
Delfin	Schere
Delfin	Pinzette
Delfin	Pistole
Delfin	Taube
Delfin	Schaf
Delfin	Gabel
Delfin	Kamm
Delfin	Tiger
Delfin	Meißel
Delfin	Meissel
Delfin	Gepard
Delfin	Löffel
Delfin	Loeffel
Delfin	Messer
Delfin	Meßer
Delfin	Beil
Delfin	Ente
Delfin	Kuh
Wolf	Säge
Wolf	Saege
Wolf	Löwe
Wolf	Loewe
Wolf	Ziege
Wolf	Axt
Wolf	Rechen
Wolf	Schwein
Wolf	Besen
Wolf	Pferd
Wolf	Fuchs
Wolf	Kelle
Wolf	Adler
Wolf	Pfanne
Wolf	Hund
Wolf	Schraubenschluessel
Wolf	Schraubenschlüssel
Wolf	Schraubenschlueßel
Wolf	Schraubenschlüßel
Wolf	Katze
Wolf	Spatel
Wolf	Stift
Wolf	Schaufel
Wolf	Hammer
Wolf	Bleistift
Wolf	Delfin
Wolf	Bohrer
Wolf	Giraffe
Wolf	Baer
Wolf	Bär
Wolf	Alligator
Wolf	Elefant
Wolf	Eichhoernchen
Wolf	Eichhörnchen
Wolf	Kaninchen
Wolf	Stier
Wolf	Kamel
Wolf	Zange
Wolf	Schere
Wolf	Pinzette
Wolf	Pistole
Wolf	Taube
Wolf	Schaf
Wolf	Gabel
Wolf	Kamm
Wolf	Tiger
Wolf	Meißel
Wolf	Meissel
Wolf	Gepard
Wolf	Löffel
Wolf	Loeffel
Wolf	Messer
Wolf	Meßer
Wolf	Beil
Wolf	Ente
Wolf	Kuh
Bohrer	Säge
Bohrer	Saege
Bohrer	Löwe
Bohrer	Loewe
Bohrer	Ziege
Bohrer	Axt
Bohrer	Rechen
Bohrer	Schwein
Bohrer	Besen
Bohrer	Pferd
Bohrer	Fuchs
Bohrer	Kelle
Bohrer	Adler
Bohrer	Pfanne
Bohrer	Hund
Bohrer	Schraubenschluessel
Bohrer	Schraubenschlüssel
Bohrer	Schraubenschlueßel
Bohrer	Schraubenschlüßel
Bohrer	Katze
Bohrer	Spatel
Bohrer	Stift
Bohrer	Schaufel
Bohrer	Hammer
Bohrer	Bleistift
Bohrer	Delfin
Bohrer	Wolf
Bohrer	Giraffe
Bohrer	Baer
Bohrer	Bär
Bohrer	Alligator
Bohrer	Elefant
Bohrer	Eichhoernchen
Bohrer	Eichhörnchen
Bohrer	Kaninchen
Bohrer	Stier
Bohrer	Kamel
Bohrer	Zange
Bohrer	Schere
Bohrer	Pinzette
Bohrer	Pistole
Bohrer	Taube
Bohrer	Schaf
Bohrer	Gabel
Bohrer	Kamm
Bohrer	Tiger
Bohrer	Meißel
Bohrer	Meissel
Bohrer	Gepard
Bohrer	Löffel
Bohrer	Loeffel
Bohrer	Messer
Bohrer	Meßer
Bohrer	Beil
Bohrer	Ente
Bohrer	Kuh
Giraffe	Säge
Giraffe	Saege
Giraffe	Löwe
Giraffe	Loewe
Giraffe	Ziege
Giraffe	Axt
Giraffe	Rechen
Giraffe	Schwein
Giraffe	Besen
Giraffe	Pferd
Giraffe	Fuchs
Giraffe	Kelle
Giraffe	Adler
Giraffe	Pfanne
Giraffe	Hund
Giraffe	Schraubenschluessel
Giraffe	Schraubenschlüssel
Giraffe	Schraubenschlueßel
Giraffe	Schraubenschlüßel
Giraffe	Katze
Giraffe	Spatel
Giraffe	Stift
Giraffe	Schaufel
Giraffe	Hammer
Giraffe	Bleistift
Giraffe	Delfin
Giraffe	Wolf
Giraffe	Bohrer
Giraffe	Baer
Giraffe	Bär
Giraffe	Alligator
Giraffe	Elefant
Giraffe	Eichhoernchen
Giraffe	Eichhörnchen
Giraffe	Kaninchen
Giraffe	Stier
Giraffe	Kamel
Giraffe	Zange
Giraffe	Schere
Giraffe	Pinzette
Giraffe	Pistole
Giraffe	Taube
Giraffe	Schaf
Giraffe	Gabel
Giraffe	Kamm
Giraffe	Tiger
Giraffe	Meißel
Giraffe	Meissel
Giraffe	Gepard
Giraffe	Löffel
Giraffe	Loeffel
Giraffe	Messer
Giraffe	Meßer
Giraffe	Beil
Giraffe	Ente
Giraffe	Kuh
Baer	Säge
Baer	Saege
Bär	Säge
Bär	Saege
Baer	Löwe
Baer	Loewe
Bär	Löwe
Bär	Loewe
Baer	Ziege
Bär	Ziege
Baer	Axt
Bär	Axt
Baer	Rechen
Bär	Rechen
Baer	Schwein
Bär	Schwein
Baer	Besen
Bär	Besen
Baer	Pferd
Bär	Pferd
Baer	Fuchs
Bär	Fuchs
Baer	Kelle
Bär	Kelle
Baer	Adler
Bär	Adler
Baer	Pfanne
Bär	Pfanne
Baer	Hund
Bär	Hund
Baer	Schraubenschluessel
Baer	Schraubenschlüssel
Baer	Schraubenschlueßel
Baer	Schraubenschlüßel
Bär	Schraubenschluessel
Bär	Schraubenschlüssel
Bär	Schraubenschlueßel
Bär	Schraubenschlüßel
Baer	Katze
Bär	Katze
Baer	Spatel
Bär	Spatel
Baer	Stift
Bär	Stift
Baer	Schaufel
Bär	Schaufel
Baer	Hammer
Bär	Hammer
Baer	Bleistift
Bär	Bleistift
Baer	Delfin
Bär	Delfin
Baer	Wolf
Bär	Wolf
Baer	Bohrer
Bär	Bohrer
Baer	Giraffe
Bär	Giraffe
Baer	Alligator
Bär	Alligator
Baer	Elefant
Bär	Elefant
Baer	Eichhoernchen
Baer	Eichhörnchen
Bär	Eichhoernchen
Bär	Eichhörnchen
Baer	Kaninchen
Bär	Kaninchen
Baer	Stier
Bär	Stier
Baer	Kamel
Bär	Kamel
Baer	Zange
Bär	Zange
Baer	Schere
Bär	Schere
Baer	Pinzette
Bär	Pinzette
Baer	Pistole
Bär	Pistole
Baer	Taube
Bär	Taube
Baer	Schaf
Bär	Schaf
Baer	Gabel
Bär	Gabel
Baer	Kamm
Bär	Kamm
Baer	Tiger
Bär	Tiger
Baer	Meißel
Baer	Meissel
Bär	Meißel
Bär	Meissel
Baer	Gepard
Bär	Gepard
Baer	Löffel
Baer	Loeffel
Bär	Löffel
Bär	Loeffel
Baer	Messer
Baer	Meßer
Bär	Messer
Bär	Meßer
Baer	Beil
Bär	Beil
Baer	Ente
Bär	Ente
Baer	Kuh
Bär	Kuh
Alligator	Säge
Alligator	Saege
Alligator	Löwe
Alligator	Loewe
Alligator	Ziege
Alligator	Axt
Alligator	Rechen
Alligator	Schwein
Alligator	Besen
Alligator	Pferd
Alligator	Fuchs
Alligator	Kelle
Alligator	Adler
Alligator	Pfanne
Alligator	Hund
Alligator	Schraubenschluessel
Alligator	Schraubenschlüssel
Alligator	Schraubenschlueßel
Alligator	Schraubenschlüßel
Alligator	Katze
Alligator	Spatel
Alligator	Stift
Alligator	Schaufel
Alligator	Hammer
Alligator	Bleistift
Alligator	Delfin
Alligator	Wolf
Alligator	Bohrer
Alligator	Giraffe
Alligator	Baer
Alligator	Bär
Alligator	Elefant
Alligator	Eichhoernchen
Alligator	Eichhörnchen
Alligator	Kaninchen
Alligator	Stier
Alligator	Kamel
Alligator	Zange
Alligator	Schere
Alligator	Pinzette
Alligator	Pistole
Alligator	Taube
Alligator	Schaf
Alligator	Gabel
Alligator	Kamm
Alligator	Tiger
Alligator	Meißel
Alligator	Meissel
Alligator	Gepard
Alligator	Löffel
Alligator	Loeffel
Alligator	Messer
Alligator	Meßer
Alligator	Beil
Alligator	Ente
Alligator	Kuh
Elefant	Säge
Elefant	Saege
Elefant	Löwe
Elefant	Loewe
Elefant	Ziege
Elefant	Axt
Elefant	Rechen
Elefant	Schwein
Elefant	Besen
Elefant	Pferd
Elefant	Fuchs
Elefant	Kelle
Elefant	Adler
Elefant	Pfanne
Elefant	Hund
Elefant	Schraubenschluessel
Elefant	Schraubenschlüssel
Elefant	Schraubenschlueßel
Elefant	Schraubenschlüßel
Elefant	Katze
Elefant	Spatel
Elefant	Stift
Elefant	Schaufel
Elefant	Hammer
Elefant	Bleistift
Elefant	Delfin
Elefant	Wolf
Elefant	Bohrer
Elefant	Giraffe
Elefant	Baer
Elefant	Bär
Elefant	Alligator
Elefant	Eichhoernchen
Elefant	Eichhörnchen
Elefant	Kaninchen
Elefant	Stier
Elefant	Kamel
Elefant	Zange
Elefant	Schere
Elefant	Pinzette
Elefant	Pistole
Elefant	Taube
Elefant	Schaf
Elefant	Gabel
Elefant	Kamm
Elefant	Tiger
Elefant	Meißel
Elefant	Meissel
Elefant	Gepard
Elefant	Löffel
Elefant	Loeffel
Elefant	Messer
Elefant	Meßer
Elefant	Beil
Elefant	Ente
Elefant	Kuh
Eichhoernchen	Säge
Eichhoernchen	Saege
Eichhörnchen	Säge
Eichhörnchen	Saege
Eichhoernchen	Löwe
Eichhoernchen	Loewe
Eichhörnchen	Löwe
Eichhörnchen	Loewe
Eichhoernchen	Ziege
Eichhörnchen	Ziege
Eichhoernchen	Axt
Eichhörnchen	Axt
Eichhoernchen	Rechen
Eichhörnchen	Rechen
Eichhoernchen	Schwein
Eichhörnchen	Schwein
Eichhoernchen	Besen
Eichhörnchen	Besen
Eichhoernchen	Pferd
Eichhörnchen	Pferd
Eichhoernchen	Fuchs
Eichhörnchen	Fuchs
Eichhoernchen	Kelle
Eichhörnchen	Kelle
Eichhoernchen	Adler
Eichhörnchen	Adler
Eichhoernchen	Pfanne
Eichhörnchen	Pfanne
Eichhoernchen	Hund
Eichhörnchen	Hund
Eichhoernchen	Schraubenschluessel
Eichhoernchen	Schraubenschlüssel
Eichhoernchen	Schraubenschlueßel
Eichhoernchen	Schraubenschlüßel
Eichhörnchen	Schraubenschluessel
Eichhörnchen	Schraubenschlüssel
Eichhörnchen	Schraubenschlueßel
Eichhörnchen	Schraubenschlüßel
Eichhoernchen	Katze
Eichhörnchen	Katze
Eichhoernchen	Spatel
Eichhörnchen	Spatel
Eichhoernchen	Stift
Eichhörnchen	Stift
Eichhoernchen	Schaufel
Eichhörnchen	Schaufel
Eichhoernchen	Hammer
Eichhörnchen	Hammer
Eichhoernchen	Bleistift
Eichhörnchen	Bleistift
Eichhoernchen	Delfin
Eichhörnchen	Delfin
Eichhoernchen	Wolf
Eichhörnchen	Wolf
Eichhoernchen	Bohrer
Eichhörnchen	Bohrer
Eichhoernchen	Giraffe
Eichhörnchen	Giraffe
Eichhoernchen	Baer
Eichhoernchen	Bär
Eichhörnchen	Baer
Eichhörnchen	Bär
Eichhoernchen	Alligator
Eichhörnchen	Alligator
Eichhoernchen	Elefant
Eichhörnchen	Elefant
Eichhoernchen	Kaninchen
Eichhörnchen	Kaninchen
Eichhoernchen	Stier
Eichhörnchen	Stier
Eichhoernchen	Kamel
Eichhörnchen	Kamel
Eichhoernchen	Zange
Eichhörnchen	Zange
Eichhoernchen	Schere
Eichhörnchen	Schere
Eichhoernchen	Pinzette
Eichhörnchen	Pinzette
Eichhoernchen	Pistole
Eichhörnchen	Pistole
Eichhoernchen	Taube
Eichhörnchen	Taube
Eichhoernchen	Schaf
Eichhörnchen	Schaf
Eichhoernchen	Gabel
Eichhörnchen	Gabel
Eichhoernchen	Kamm
Eichhörnchen	Kamm
Eichhoernchen	Tiger
Eichhörnchen	Tiger
Eichhoernchen	Meißel
Eichhoernchen	Meissel
Eichhörnchen	Meißel
Eichhörnchen	Meissel
Eichhoernchen	Gepard
Eichhörnchen	Gepard
Eichhoernchen	Löffel
Eichhoernchen	Loeffel
Eichhörnchen	Löffel
Eichhörnchen	Loeffel
Eichhoernchen	Messer
Eichhoernchen	Meßer
Eichhörnchen	Messer
Eichhörnchen	Meßer
Eichhoernchen	Beil
Eichhörnchen	Beil
Eichhoernchen	Ente
Eichhörnchen	Ente
Eichhoernchen	Kuh
Eichhörnchen	Kuh
Kaninchen	Säge
Kaninchen	Saege
Kaninchen	Löwe
Kaninchen	Loewe
Kaninchen	Ziege
Kaninchen	Axt
Kaninchen	Rechen
Kaninchen	Schwein
Kaninchen	Besen
Kaninchen	Pferd
Kaninchen	Fuchs
Kaninchen	Kelle
Kaninchen	Adler
Kaninchen	Pfanne
Kaninchen	Hund
Kaninchen	Schraubenschluessel
Kaninchen	Schraubenschlüssel
Kaninchen	Schraubenschlueßel
Kaninchen	Schraubenschlüßel
Kaninchen	Katze
Kaninchen	Spatel
Kaninchen	Stift
Kaninchen	Schaufel
Kaninchen	Hammer
Kaninchen	Bleistift
Kaninchen	Delfin
Kaninchen	Wolf
Kaninchen	Bohrer
Kaninchen	Giraffe
Kaninchen	Baer
Kaninchen	Bär
Kaninchen	Alligator
Kaninchen	Elefant
Kaninchen	Eichhoernchen
Kaninchen	Eichhörnchen
Kaninchen	Stier
Kaninchen	Kamel
Kaninchen	Zange
Kaninchen	Schere
Kaninchen	Pinzette
Kaninchen	Pistole
Kaninchen	Taube
Kaninchen	Schaf
Kaninchen	Gabel
Kaninchen	Kamm
Kaninchen	Tiger
Kaninchen	Meißel
Kaninchen	Meissel
Kaninchen	Gepard
Kaninchen	Löffel
Kaninchen	Loeffel
Kaninchen	Messer
Kaninchen	Meßer
Kaninchen	Beil
Kaninchen	Ente
Kaninchen	Kuh
Stier	Säge
Stier	Saege
Stier	Löwe
Stier	Loewe
Stier	Ziege
Stier	Axt
Stier	Rechen
Stier	Schwein
Stier	Besen
Stier	Pferd
Stier	Fuchs
Stier	Kelle
Stier	Adler
Stier	Pfanne
Stier	Hund
Stier	Schraubenschluessel
Stier	Schraubenschlüssel
Stier	Schraubenschlueßel
Stier	Schraubenschlüßel
Stier	Katze
Stier	Spatel
Stier	Stift
Stier	Schaufel
Stier	Hammer
Stier	Bleistift
Stier	Delfin
Stier	Wolf
Stier	Bohrer
Stier	Giraffe
Stier	Baer
Stier	Bär
Stier	Alligator
Stier	Elefant
Stier	Eichhoernchen
Stier	Eichhörnchen
Stier	Kaninchen
Stier	Kamel
Stier	Zange
Stier	Schere
Stier	Pinzette
Stier	Pistole
Stier	Taube
Stier	Schaf
Stier	Gabel
Stier	Kamm
Stier	Tiger
Stier	Meißel
Stier	Meissel
Stier	Gepard
Stier	Löffel
Stier	Loeffel
Stier	Messer
Stier	Meßer
Stier	Beil
Stier	Ente
Stier	Kuh
Kamel	Säge
Kamel	Saege
Kamel	Löwe
Kamel	Loewe
Kamel	Ziege
Kamel	Axt
Kamel	Rechen
Kamel	Schwein
Kamel	Besen
Kamel	Pferd
Kamel	Fuchs
Kamel	Kelle
Kamel	Adler
Kamel	Pfanne
Kamel	Hund
Kamel	Schraubenschluessel
Kamel	Schraubenschlüssel
Kamel	Schraubenschlueßel
Kamel	Schraubenschlüßel
Kamel	Katze
Kamel	Spatel
Kamel	Stift
Kamel	Schaufel
Kamel	Hammer
Kamel	Bleistift
Kamel	Delfin
Kamel	Wolf
Kamel	Bohrer
Kamel	Giraffe
Kamel	Baer
Kamel	Bär
Kamel	Alligator
Kamel	Elefant
Kamel	Eichhoernchen
Kamel	Eichhörnchen
Kamel	Kaninchen
Kamel	Stier
Kamel	Zange
Kamel	Schere
Kamel	Pinzette
Kamel	Pistole
Kamel	Taube
Kamel	Schaf
Kamel	Gabel
Kamel	Kamm
Kamel	Tiger
Kamel	Meißel
Kamel	Meissel
Kamel	Gepard
Kamel	Löffel
Kamel	Loeffel
Kamel	Messer
Kamel	Meßer
Kamel	Beil
Kamel	Ente
Kamel	Kuh
Zange	Säge
Zange	Saege
Zange	Löwe
Zange	Loewe
Zange	Ziege
Zange	Axt
Zange	Rechen
Zange	Schwein
Zange	Besen
Zange	Pferd
Zange	Fuchs
Zange	Kelle
Zange	Adler
Zange	Pfanne
Zange	Hund
Zange	Schraubenschluessel
Zange	Schraubenschlüssel
Zange	Schraubenschlueßel
Zange	Schraubenschlüßel
Zange	Katze
Zange	Spatel
Zange	Stift
Zange	Schaufel
Zange	Hammer
Zange	Bleistift
Zange	Delfin
Zange	Wolf
Zange	Bohrer
Zange	Giraffe
Zange	Baer
Zange	Bär
Zange	Alligator
Zange	Elefant
Zange	Eichhoernchen
Zange	Eichhörnchen
Zange	Kaninchen
Zange	Stier
Zange	Kamel
Zange	Schere
Zange	Pinzette
Zange	Pistole
Zange	Taube
Zange	Schaf
Zange	Gabel
Zange	Kamm
Zange	Tiger
Zange	Meißel
Zange	Meissel
Zange	Gepard
Zange	Löffel
Zange	Loeffel
Zange	Messer
Zange	Meßer
Zange	Beil
Zange	Ente
Zange	Kuh
Schere	Säge
Schere	Saege
Schere	Löwe
Schere	Loewe
Schere	Ziege
Schere	Axt
Schere	Rechen
Schere	Schwein
Schere	Besen
Schere	Pferd
Schere	Fuchs
Schere	Kelle
Schere	Adler
Schere	Pfanne
Schere	Hund
Schere	Schraubenschluessel
Schere	Schraubenschlüssel
Schere	Schraubenschlueßel
Schere	Schraubenschlüßel
Schere	Katze
Schere	Spatel
Schere	Stift
Schere	Schaufel
Schere	Hammer
Schere	Bleistift
Schere	Delfin
Schere	Wolf
Schere	Bohrer
Schere	Giraffe
Schere	Baer
Schere	Bär
Schere	Alligator
Schere	Elefant
Schere	Eichhoernchen
Schere	Eichhörnchen
Schere	Kaninchen
Schere	Stier
Schere	Kamel
Schere	Zange
Schere	Pinzette
Schere	Pistole
Schere	Taube
Schere	Schaf
Schere	Gabel
Schere	Kamm
Schere	Tiger
Schere	Meißel
Schere	Meissel
Schere	Gepard
Schere	Löffel
Schere	Loeffel
Schere	Messer
Schere	Meßer
Schere	Beil
Schere	Ente
Schere	Kuh
Pinzette	Säge
Pinzette	Saege
Pinzette	Löwe
Pinzette	Loewe
Pinzette	Ziege
Pinzette	Axt
Pinzette	Rechen
Pinzette	Schwein
Pinzette	Besen
Pinzette	Pferd
Pinzette	Fuchs
Pinzette	Kelle
Pinzette	Adler
Pinzette	Pfanne
Pinzette	Hund
Pinzette	Schraubenschluessel
Pinzette	Schraubenschlüssel
Pinzette	Schraubenschlueßel
Pinzette	Schraubenschlüßel
Pinzette	Katze
Pinzette	Spatel
Pinzette	Stift
Pinzette	Schaufel
Pinzette	Hammer
Pinzette	Bleistift
Pinzette	Delfin
Pinzette	Wolf
Pinzette	Bohrer
Pinzette	Giraffe
Pinzette	Baer
Pinzette	Bär
Pinzette	Alligator
Pinzette	Elefant
Pinzette	Eichhoernchen
Pinzette	Eichhörnchen
Pinzette	Kaninchen
Pinzette	Stier
Pinzette	Kamel
Pinzette	Zange
Pinzette	Schere
Pinzette	Pistole
Pinzette	Taube
Pinzette	Schaf
Pinzette	Gabel
Pinzette	Kamm
Pinzette	Tiger
Pinzette	Meißel
Pinzette	Meissel
Pinzette	Gepard
Pinzette	Löffel
Pinzette	Loeffel
Pinzette	Messer
Pinzette	Meßer
Pinzette	Beil
Pinzette	Ente
Pinzette	Kuh
Pistole	Säge
Pistole	Saege
Pistole	Löwe
Pistole	Loewe
Pistole	Ziege
Pistole	Axt
Pistole	Rechen
Pistole	Schwein
Pistole	Besen
Pistole	Pferd
Pistole	Fuchs
Pistole	Kelle
Pistole	Adler
Pistole	Pfanne
Pistole	Hund
Pistole	Schraubenschluessel
Pistole	Schraubenschlüssel
Pistole	Schraubenschlueßel
Pistole	Schraubenschlüßel
Pistole	Katze
Pistole	Spatel
Pistole	Stift
Pistole	Schaufel
Pistole	Hammer
Pistole	Bleistift
Pistole	Delfin
Pistole	Wolf
Pistole	Bohrer
Pistole	Giraffe
Pistole	Baer
Pistole	Bär
Pistole	Alligator
Pistole	Elefant
Pistole	Eichhoernchen
Pistole	Eichhörnchen
Pistole	Kaninchen
Pistole	Stier
Pistole	Kamel
Pistole	Zange
Pistole	Schere
Pistole	Pinzette
Pistole	Taube
Pistole	Schaf
Pistole	Gabel
Pistole	Kamm
Pistole	Tiger
Pistole	Meißel
Pistole	Meissel
Pistole	Gepard
Pistole	Löffel
Pistole	Loeffel
Pistole	Messer
Pistole	Meßer
Pistole	Beil
Pistole	Ente
Pistole	Kuh
Taube	Säge
Taube	Saege
Taube	Löwe
Taube	Loewe
Taube	Ziege
Taube	Axt
Taube	Rechen
Taube	Schwein
Taube	Besen
Taube	Pferd
Taube	Fuchs
Taube	Kelle
Taube	Adler
Taube	Pfanne
Taube	Hund
Taube	Schraubenschluessel
Taube	Schraubenschlüssel
Taube	Schraubenschlueßel
Taube	Schraubenschlüßel
Taube	Katze
Taube	Spatel
Taube	Stift
Taube	Schaufel
Taube	Hammer
Taube	Bleistift
Taube	Delfin
Taube	Wolf
Taube	Bohrer
Taube	Giraffe
Taube	Baer
Taube	Bär
Taube	Alligator
Taube	Elefant
Taube	Eichhoernchen
Taube	Eichhörnchen
Taube	Kaninchen
Taube	Stier
Taube	Kamel
Taube	Zange
Taube	Schere
Taube	Pinzette
Taube	Pistole
Taube	Schaf
Taube	Gabel
Taube	Kamm
Taube	Tiger
Taube	Meißel
Taube	Meissel
Taube	Gepard
Taube	Löffel
Taube	Loeffel
Taube	Messer
Taube	Meßer
Taube	Beil
Taube	Ente
Taube	Kuh
Schaf	Säge
Schaf	Saege
Schaf	Löwe
Schaf	Loewe
Schaf	Ziege
Schaf	Axt
Schaf	Rechen
Schaf	Schwein
Schaf	Besen
Schaf	Pferd
Schaf	Fuchs
Schaf	Kelle
Schaf	Adler
Schaf	Pfanne
Schaf	Hund
Schaf	Schraubenschluessel
Schaf	Schraubenschlüssel
Schaf	Schraubenschlueßel
Schaf	Schraubenschlüßel
Schaf	Katze
Schaf	Spatel
Schaf	Stift
Schaf	Schaufel
Schaf	Hammer
Schaf	Bleistift
Schaf	Delfin
Schaf	Wolf
Schaf	Bohrer
Schaf	Giraffe
Schaf	Baer
Schaf	Bär
Schaf	Alligator
Schaf	Elefant
Schaf	Eichhoernchen
Schaf	Eichhörnchen
Schaf	Kaninchen
Schaf	Stier
Schaf	Kamel
Schaf	Zange
Schaf	Schere
Schaf	Pinzette
Schaf	Pistole
Schaf	Taube
Schaf	Gabel
Schaf	Kamm
Schaf	Tiger
Schaf	Meißel
Schaf	Meissel
Schaf	Gepard
Schaf	Löffel
Schaf	Loeffel
Schaf	Messer
Schaf	Meßer
Schaf	Beil
Schaf	Ente
Schaf	Kuh
Gabel	Säge
Gabel	Saege
Gabel	Löwe
Gabel	Loewe
Gabel	Ziege
Gabel	Axt
Gabel	Rechen
Gabel	Schwein
Gabel	Besen
Gabel	Pferd
Gabel	Fuchs
Gabel	Kelle
Gabel	Adler
Gabel	Pfanne
Gabel	Hund
Gabel	Schraubenschluessel
Gabel	Schraubenschlüssel
Gabel	Schraubenschlueßel
Gabel	Schraubenschlüßel
Gabel	Katze
Gabel	Spatel
Gabel	Stift
Gabel	Schaufel
Gabel	Hammer
Gabel	Bleistift
Gabel	Delfin
Gabel	Wolf
Gabel	Bohrer
Gabel	Giraffe
Gabel	Baer
Gabel	Bär
Gabel	Alligator
Gabel	Elefant
Gabel	Eichhoernchen
Gabel	Eichhörnchen
Gabel	Kaninchen
Gabel	Stier
Gabel	Kamel
Gabel	Zange
Gabel	Schere
Gabel	Pinzette
Gabel	Pistole
Gabel	Taube
Gabel	Schaf
Gabel	Kamm
Gabel	Tiger
Gabel	Meißel
Gabel	Meissel
Gabel	Gepard
Gabel	Löffel
Gabel	Loeffel
Gabel	Messer
Gabel	Meßer
Gabel	Beil
Gabel	Ente
Gabel	Kuh
Kamm	Säge
Kamm	Saege
Kamm	Löwe
Kamm	Loewe
Kamm	Ziege
Kamm	Axt
Kamm	Rechen
Kamm	Schwein
Kamm	Besen
Kamm	Pferd
Kamm	Fuchs
Kamm	Kelle
Kamm	Adler
Kamm	Pfanne
Kamm	Hund
Kamm	Schraubenschluessel
Kamm	Schraubenschlüssel
Kamm	Schraubenschlueßel
Kamm	Schraubenschlüßel
Kamm	Katze
Kamm	Spatel
Kamm	Stift
Kamm	Schaufel
Kamm	Hammer
Kamm	Bleistift
Kamm	Delfin
Kamm	Wolf
Kamm	Bohrer
Kamm	Giraffe
Kamm	Baer
Kamm	Bär
Kamm	Alligator
Kamm	Elefant
Kamm	Eichhoernchen
Kamm	Eichhörnchen
Kamm	Kaninchen
Kamm	Stier
Kamm	Kamel
Kamm	Zange
Kamm	Schere
Kamm	Pinzette
Kamm	Pistole
Kamm	Taube
Kamm	Schaf
Kamm	Gabel
Kamm	Tiger
Kamm	Meißel
Kamm	Meissel
Kamm	Gepard
Kamm	Löffel
Kamm	Loeffel
Kamm	Messer
Kamm	Meßer
Kamm	Beil
Kamm	Ente
Kamm	Kuh
Tiger	Säge
Tiger	Saege
Tiger	Löwe
Tiger	Loewe
Tiger	Ziege
Tiger	Axt
Tiger	Rechen
Tiger	Schwein
Tiger	Besen
Tiger	Pferd
Tiger	Fuchs
Tiger	Kelle
Tiger	Adler
Tiger	Pfanne
Tiger	Hund
Tiger	Schraubenschluessel
Tiger	Schraubenschlüssel
Tiger	Schraubenschlueßel
Tiger	Schraubenschlüßel
Tiger	Katze
Tiger	Spatel
Tiger	Stift
Tiger	Schaufel
Tiger	Hammer
Tiger	Bleistift
Tiger	Delfin
Tiger	Wolf
Tiger	Bohrer
Tiger	Giraffe
Tiger	Baer
Tiger	Bär
Tiger	Alligator
Tiger	Elefant
Tiger	Eichhoernchen
Tiger	Eichhörnchen
Tiger	Kaninchen
Tiger	Stier
Tiger	Kamel
Tiger	Zange
Tiger	Schere
Tiger	Pinzette
Tiger	Pistole
Tiger	Taube
Tiger	Schaf
Tiger	Gabel
Tiger	Kamm
Tiger	Meißel
Tiger	Meissel
Tiger	Gepard
Tiger	Löffel
Tiger	Loeffel
Tiger	Messer
Tiger	Meßer
Tiger	Beil
Tiger	Ente
Tiger	Kuh
Meißel	Säge
Meißel	Saege
Meissel	Säge
Meissel	Saege
Meißel	Löwe
Meißel	Loewe
Meissel	Löwe
Meissel	Loewe
Meißel	Ziege
Meissel	Ziege
Meißel	Axt
Meissel	Axt
Meißel	Rechen
Meissel	Rechen
Meißel	Schwein
Meissel	Schwein
Meißel	Besen
Meissel	Besen
Meißel	Pferd
Meissel	Pferd
Meißel	Fuchs
Meissel	Fuchs
Meißel	Kelle
Meissel	Kelle
Meißel	Adler
Meissel	Adler
Meißel	Pfanne
Meissel	Pfanne
Meißel	Hund
Meissel	Hund
Meißel	Schraubenschluessel
Meißel	Schraubenschlüssel
Meißel	Schraubenschlueßel
Meißel	Schraubenschlüßel
Meissel	Schraubenschluessel
Meissel	Schraubenschlüssel
Meissel	Schraubenschlueßel
Meissel	Schraubenschlüßel
Meißel	Katze
Meissel	Katze
Meißel	Spatel
Meissel	Spatel
Meißel	Stift
Meissel	Stift
Meißel	Schaufel
Meissel	Schaufel
Meißel	Hammer
Meissel	Hammer
Meißel	Bleistift
Meissel	Bleistift
Meißel	Delfin
Meissel	Delfin
Meißel	Wolf
Meissel	Wolf
Meißel	Bohrer
Meissel	Bohrer
Meißel	Giraffe
Meissel	Giraffe
Meißel	Baer
Meißel	Bär
Meissel	Baer
Meissel	Bär
Meißel	Alligator
Meissel	Alligator
Meißel	Elefant
Meissel	Elefant
Meißel	Eichhoernchen
Meißel	Eichhörnchen
Meissel	Eichhoernchen
Meissel	Eichhörnchen
Meißel	Kaninchen
Meissel	Kaninchen
Meißel	Stier
Meissel	Stier
Meißel	Kamel
Meissel	Kamel
Meißel	Zange
Meissel	Zange
Meißel	Schere
Meissel	Schere
Meißel	Pinzette
Meissel	Pinzette
Meißel	Pistole
Meissel	Pistole
Meißel	Taube
Meissel	Taube
Meißel	Schaf
Meissel	Schaf
Meißel	Gabel
Meissel	Gabel
Meißel	Kamm
Meissel	Kamm
Meißel	Tiger
Meissel	Tiger
Meißel	Gepard
Meissel	Gepard
Meißel	Löffel
Meißel	Loeffel
Meissel	Löffel
Meissel	Loeffel
Meißel	Messer
Meißel	Meßer
Meissel	Messer
Meissel	Meßer
Meißel	Beil
Meissel	Beil
Meißel	Ente
Meissel	Ente
Meißel	Kuh
Meissel	Kuh
Gepard	Säge
Gepard	Saege
Gepard	Löwe
Gepard	Loewe
Gepard	Ziege
Gepard	Axt
Gepard	Rechen
Gepard	Schwein
Gepard	Besen
Gepard	Pferd
Gepard	Fuchs
Gepard	Kelle
Gepard	Adler
Gepard	Pfanne
Gepard	Hund
Gepard	Schraubenschluessel
Gepard	Schraubenschlüssel
Gepard	Schraubenschlueßel
Gepard	Schraubenschlüßel
Gepard	Katze
Gepard	Spatel
Gepard	Stift
Gepard	Schaufel
Gepard	Hammer
Gepard	Bleistift
Gepard	Delfin
Gepard	Wolf
Gepard	Bohrer
Gepard	Giraffe
Gepard	Baer
Gepard	Bär
Gepard	Alligator
Gepard	Elefant
Gepard	Eichhoernchen
Gepard	Eichhörnchen
Gepard	Kaninchen
Gepard	Stier
Gepard	Kamel
Gepard	Zange
Gepard	Schere
Gepard	Pinzette
Gepard	Pistole
Gepard	Taube
Gepard	Schaf
Gepard	Gabel
Gepard	Kamm
Gepard	Tiger
Gepard	Meißel
Gepard	Meissel
Gepard	Löffel
Gepard	Loeffel
Gepard	Messer
Gepard	Meßer
Gepard	Beil
Gepard	Ente
Gepard	Kuh
Löffel	Säge
Löffel	Saege
Loeffel	Säge
Loeffel	Saege
Löffel	Löwe
Löffel	Loewe
Loeffel	Löwe
Loeffel	Loewe
Löffel	Ziege
Loeffel	Ziege
Löffel	Axt
Loeffel	Axt
Löffel	Rechen
Loeffel	Rechen
Löffel	Schwein
Loeffel	Schwein
Löffel	Besen
Loeffel	Besen
Löffel	Pferd
Loeffel	Pferd
Löffel	Fuchs
Loeffel	Fuchs
Löffel	Kelle
Loeffel	Kelle
Löffel	Adler
Loeffel	Adler
Löffel	Pfanne
Loeffel	Pfanne
Löffel	Hund
Loeffel	Hund
Löffel	Schraubenschluessel
Löffel	Schraubenschlüssel
Löffel	Schraubenschlueßel
Löffel	Schraubenschlüßel
Loeffel	Schraubenschluessel
Loeffel	Schraubenschlüssel
Loeffel	Schraubenschlueßel
Loeffel	Schraubenschlüßel
Löffel	Katze
Loeffel	Katze
Löffel	Spatel
Loeffel	Spatel
Löffel	Stift
Loeffel	Stift
Löffel	Schaufel
Loeffel	Schaufel
Löffel	Hammer
Loeffel	Hammer
Löffel	Bleistift
Loeffel	Bleistift
Löffel	Delfin
Loeffel	Delfin
Löffel	Wolf
Loeffel	Wolf
Löffel	Bohrer
Loeffel	Bohrer
Löffel	Giraffe
Loeffel	Giraffe
Löffel	Baer
Löffel	Bär
Loeffel	Baer
Loeffel	Bär
Löffel	Alligator
Loeffel	Alligator
Löffel	Elefant
Loeffel	Elefant
Löffel	Eichhoernchen
Löffel	Eichhörnchen
Loeffel	Eichhoernchen
Loeffel	Eichhörnchen
Löffel	Kaninchen
Loeffel	Kaninchen
Löffel	Stier
Loeffel	Stier
Löffel	Kamel
Loeffel	Kamel
Löffel	Zange
Loeffel	Zange
Löffel	Schere
Loeffel	Schere
Löffel	Pinzette
Loeffel	Pinzette
Löffel	Pistole
Loeffel	Pistole
Löffel	Taube
Loeffel	Taube
Löffel	Schaf
Loeffel	Schaf
Löffel	Gabel
Loeffel	Gabel
Löffel	Kamm
Loeffel	Kamm
Löffel	Tiger
Loeffel	Tiger
Löffel	Meißel
Löffel	Meissel
Loeffel	Meißel
Loeffel	Meissel
Löffel	Gepard
Loeffel	Gepard
Löffel	Messer
Löffel	Meßer
Loeffel	Messer
Loeffel	Meßer
Löffel	Beil
Loeffel	Beil
Löffel	Ente
Loeffel	Ente
Löffel	Kuh
Loeffel	Kuh
Messer	Säge
Messer	Saege
Meßer	Säge
Meßer	Saege
Messer	Löwe
Messer	Loewe
Meßer	Löwe
Meßer	Loewe
Messer	Ziege
Meßer	Ziege
Messer	Axt
Meßer	Axt
Messer	Rechen
Meßer	Rechen
Messer	Schwein
Meßer	Schwein
Messer	Besen
Meßer	Besen
Messer	Pferd
Meßer	Pferd
Messer	Fuchs
Meßer	Fuchs
Messer	Kelle
Meßer	Kelle
Messer	Adler
Meßer	Adler
Messer	Pfanne
Meßer	Pfanne
Messer	Hund
Meßer	Hund
Messer	Schraubenschluessel
Messer	Schraubenschlüssel
Messer	Schraubenschlueßel
Messer	Schraubenschlüßel
Meßer	Schraubenschluessel
Meßer	Schraubenschlüssel
Meßer	Schraubenschlueßel
Meßer	Schraubenschlüßel
Messer	Katze
Meßer	Katze
Messer	Spatel
Meßer	Spatel
Messer	Stift
Meßer	Stift
Messer	Schaufel
Meßer	Schaufel
Messer	Hammer
Meßer	Hammer
Messer	Bleistift
Meßer	Bleistift
Messer	Delfin
Meßer	Delfin
Messer	Wolf
Meßer	Wolf
Messer	Bohrer
Meßer	Bohrer
Messer	Giraffe
Meßer	Giraffe
Messer	Baer
Messer	Bär
Meßer	Baer
Meßer	Bär
Messer	Alligator
Meßer	Alligator
Messer	Elefant
Meßer	Elefant
Messer	Eichhoernchen
Messer	Eichhörnchen
Meßer	Eichhoernchen
Meßer	Eichhörnchen
Messer	Kaninchen
Meßer	Kaninchen
Messer	Stier
Meßer	Stier
Messer	Kamel
Meßer	Kamel
Messer	Zange
Meßer	Zange
Messer	Schere
Meßer	Schere
Messer	Pinzette
Meßer	Pinzette
Messer	Pistole
Meßer	Pistole
Messer	Taube
Meßer	Taube
Messer	Schaf
Meßer	Schaf
Messer	Gabel
Meßer	Gabel
Messer	Kamm
Meßer	Kamm
Messer	Tiger
Meßer	Tiger
Messer	Meißel
Messer	Meissel
Meßer	Meißel
Meßer	Meissel
Messer	Gepard
Meßer	Gepard
Messer	Löffel
Messer	Loeffel
Meßer	Löffel
Meßer	Loeffel
Messer	Beil
Meßer	Beil
Messer	Ente
Meßer	Ente
Messer	Kuh
Meßer	Kuh
Beil	Säge
Beil	Saege
Beil	Löwe
Beil	Loewe
Beil	Ziege
Beil	Axt
Beil	Rechen
Beil	Schwein
Beil	Besen
Beil	Pferd
Beil	Fuchs
Beil	Kelle
Beil	Adler
Beil	Pfanne
Beil	Hund
Beil	Schraubenschluessel
Beil	Schraubenschlüssel
Beil	Schraubenschlueßel
Beil	Schraubenschlüßel
Beil	Katze
Beil	Spatel
Beil	Stift
Beil	Schaufel
Beil	Hammer
Beil	Bleistift
Beil	Delfin
Beil	Wolf
Beil	Bohrer
Beil	Giraffe
Beil	Baer
Beil	Bär
Beil	Alligator
Beil	Elefant
Beil	Eichhoernchen
Beil	Eichhörnchen
Beil	Kaninchen
Beil	Stier
Beil	Kamel
Beil	Zange
Beil	Schere
Beil	Pinzette
Beil	Pistole
Beil	Taube
Beil	Schaf
Beil	Gabel
Beil	Kamm
Beil	Tiger
Beil	Meißel
Beil	Meissel
Beil	Gepard
Beil	Löffel
Beil	Loeffel
Beil	Messer
Beil	Meßer
Beil	Ente
Beil	Kuh
Ente	Säge
Ente	Saege
Ente	Löwe
Ente	Loewe
Ente	Ziege
Ente	Axt
Ente	Rechen
Ente	Schwein
Ente	Besen
Ente	Pferd
Ente	Fuchs
Ente	Kelle
Ente	Adler
Ente	Pfanne
Ente	Hund
Ente	Schraubenschluessel
Ente	Schraubenschlüssel
Ente	Schraubenschlueßel
Ente	Schraubenschlüßel
Ente	Katze
Ente	Spatel
Ente	Stift
Ente	Schaufel
Ente	Hammer
Ente	Bleistift
Ente	Delfin
Ente	Wolf
Ente	Bohrer
Ente	Giraffe
Ente	Baer
Ente	Bär
Ente	Alligator
Ente	Elefant
Ente	Eichhoernchen
Ente	Eichhörnchen
Ente	Kaninchen
Ente	Stier
Ente	Kamel
Ente	Zange
Ente	Schere
Ente	Pinzette
Ente	Pistole
Ente	Taube
Ente	Schaf
Ente	Gabel
Ente	Kamm
Ente	Tiger
Ente	Meißel
Ente	Meissel
Ente	Gepard
Ente	Löffel
Ente	Loeffel
Ente	Messer
Ente	Meßer
Ente	Beil
Ente	Kuh
Kuh	Säge
Kuh	Saege
Kuh	Löwe
Kuh	Loewe
Kuh	Ziege
Kuh	Axt
Kuh	Rechen
Kuh	Schwein
Kuh	Besen
Kuh	Pferd
Kuh	Fuchs
Kuh	Kelle
Kuh	Adler
Kuh	Pfanne
Kuh	Hund
Kuh	Schraubenschluessel
Kuh	Schraubenschlüssel
Kuh	Schraubenschlueßel
Kuh	Schraubenschlüßel
Kuh	Katze
Kuh	Spatel
Kuh	Stift
Kuh	Schaufel
Kuh	Hammer
Kuh	Bleistift
Kuh	Delfin
Kuh	Wolf
Kuh	Bohrer
Kuh	Giraffe
Kuh	Baer
Kuh	Bär
Kuh	Alligator
Kuh	Elefant
Kuh	Eichhoernchen
Kuh	Eichhörnchen
Kuh	Kaninchen
Kuh	Stier
Kuh	Kamel
Kuh	Zange
Kuh	Schere
Kuh	Pinzette
Kuh	Pistole
Kuh	Taube
Kuh	Schaf
Kuh	Gabel
Kuh	Kamm
Kuh	Tiger
Kuh	Meißel
Kuh	Meissel
Kuh	Gepard
Kuh	Löffel
Kuh	Loeffel
Kuh	Messer
Kuh	Meßer
Kuh	Beil
Kuh	Ente
