Eidechse	Banane
Eidechse	Hand
Eidechse	Kartoffel
Eidechse	Hammer
Eidechse	Schimpanse
Eidechse	Chili
Eidechse	Ananas
Eidechse	Pavian
Eidechse	Knoblauch
Eidechse	Haar
Eidechse	Tänzerin
Eidechse	Taenzerin
Eidechse	Birne
Eidechse	Finger
Eidechse	Ohr
Eidechse	Schaf
Eidechse	Kamel
Eidechse	Pistole
Eidechse	Strauss
Eidechse	Strauß
Eidechse	Zebra
Eidechse	Ziege
Eidechse	Loewe
Eidechse	Löwe
Eidechse	Schnuller
Eidechse	Hand
Eidechse	Kopfsalat
Eidechse	Zucchini
Eidechse	Schluessel
Eidechse	Schlüssel
Eidechse	Schlueßel
Eidechse	Schlüßel
Eidechse	Tänzerin
Eidechse	Taenzerin
Eidechse	Birne
Eidechse	Telefon
Eidechse	Traube
Eidechse	Frosch
Eidechse	Regenschirm
Eidechse	Kaßette
Eidechse	Kassette
Eidechse	Schlange
Eidechse	Faust
Eidechse	Zange
Eidechse	Koch
Eidechse	Wolf
Eidechse	Rettich
Eidechse	Affe
Eidechse	Schlange
Eidechse	Guerteltier
Eidechse	Gürteltier
Eidechse	Stuhl
Eidechse	Flagge
Eidechse	Pavian
Eidechse	Elefant
Eidechse	Pfeffer
Eidechse	Aubergine
Eidechse	Zeigen
Eidechse	Schimpanse
Eidechse	Hund
Eidechse	Hund
Eidechse	Kuh
Eidechse	Giraffe
Eidechse	Arbeiter
Eidechse	Affe
Eidechse	Affe
Eidechse	Auge
Banane	Eidechse
Banane	Hand
Banane	Kartoffel
Banane	Hammer
Banane	Schimpanse
Banane	Chili
Banane	Ananas
Banane	Pavian
Banane	Knoblauch
Banane	Haar
Banane	Tänzerin
Banane	Taenzerin
Banane	Birne
Banane	Finger
Banane	Ohr
Banane	Schaf
Banane	Kamel
Banane	Pistole
Banane	Strauss
Banane	Strauß
Banane	Zebra
Banane	Ziege
Banane	Loewe
Banane	Löwe
Banane	Schnuller
Banane	Hand
Banane	Kopfsalat
Banane	Zucchini
Banane	Schluessel
Banane	Schlüssel
Banane	Schlueßel
Banane	Schlüßel
Banane	Tänzerin
Banane	Taenzerin
Banane	Birne
Banane	Telefon
Banane	Traube
Banane	Frosch
Banane	Regenschirm
Banane	Kaßette
Banane	Kassette
Banane	Schlange
Banane	Faust
Banane	Zange
Banane	Koch
Banane	Wolf
Banane	Rettich
Banane	Affe
Banane	Schlange
Banane	Guerteltier
Banane	Gürteltier
Banane	Stuhl
Banane	Flagge
Banane	Pavian
Banane	Elefant
Banane	Pfeffer
Banane	Aubergine
Banane	Zeigen
Banane	Schimpanse
Banane	Hund
Banane	Hund
Banane	Kuh
Banane	Giraffe
Banane	Arbeiter
Banane	Affe
Banane	Affe
Banane	Auge
Hand	Eidechse
Hand	Banane
Hand	Kartoffel
Hand	Hammer
Hand	Schimpanse
Hand	Chili
Hand	Ananas
Hand	Pavian
Hand	Knoblauch
Hand	Haar
Hand	Tänzerin
Hand	Taenzerin
Hand	Birne
Hand	Finger
Hand	Ohr
Hand	Schaf
Hand	Kamel
Hand	Pistole
Hand	Strauss
Hand	Strauß
Hand	Zebra
Hand	Ziege
Hand	Loewe
Hand	Löwe
Hand	Schnuller
Hand	Hand
Hand	Kopfsalat
Hand	Zucchini
Hand	Schluessel
Hand	Schlüssel
Hand	Schlueßel
Hand	Schlüßel
Hand	Tänzerin
Hand	Taenzerin
Hand	Birne
Hand	Telefon
Hand	Traube
Hand	Frosch
Hand	Regenschirm
Hand	Kaßette
Hand	Kassette
Hand	Schlange
Hand	Faust
Hand	Zange
Hand	Koch
Hand	Wolf
Hand	Rettich
Hand	Affe
Hand	Schlange
Hand	Guerteltier
Hand	Gürteltier
Hand	Stuhl
Hand	Flagge
Hand	Pavian
Hand	Elefant
Hand	Pfeffer
Hand	Aubergine
Hand	Zeigen
Hand	Schimpanse
Hand	Hund
Hand	Hund
Hand	Kuh
Hand	Giraffe
Hand	Arbeiter
Hand	Affe
Hand	Affe
Hand	Auge
Kartoffel	Eidechse
Kartoffel	Banane
Kartoffel	Hand
Kartoffel	Hammer
Kartoffel	Schimpanse
Kartoffel	Chili
Kartoffel	Ananas
Kartoffel	Pavian
Kartoffel	Knoblauch
Kartoffel	Haar
Kartoffel	Tänzerin
Kartoffel	Taenzerin
Kartoffel	Birne
Kartoffel	Finger
Kartoffel	Ohr
Kartoffel	Schaf
Kartoffel	Kamel
Kartoffel	Pistole
Kartoffel	Strauss
Kartoffel	Strauß
Kartoffel	Zebra
Kartoffel	Ziege
Kartoffel	Loewe
Kartoffel	Löwe
Kartoffel	Schnuller
Kartoffel	Hand
Kartoffel	Kopfsalat
Kartoffel	Zucchini
Kartoffel	Schluessel
Kartoffel	Schlüssel
Kartoffel	Schlueßel
Kartoffel	Schlüßel
Kartoffel	Tänzerin
Kartoffel	Taenzerin
Kartoffel	Birne
Kartoffel	Telefon
Kartoffel	Traube
Kartoffel	Frosch
Kartoffel	Regenschirm
Kartoffel	Kaßette
Kartoffel	Kassette
Kartoffel	Schlange
Kartoffel	Faust
Kartoffel	Zange
Kartoffel	Koch
Kartoffel	Wolf
Kartoffel	Rettich
Kartoffel	Affe
Kartoffel	Schlange
Kartoffel	Guerteltier
Kartoffel	Gürteltier
Kartoffel	Stuhl
Kartoffel	Flagge
Kartoffel	Pavian
Kartoffel	Elefant
Kartoffel	Pfeffer
Kartoffel	Aubergine
Kartoffel	Zeigen
Kartoffel	Schimpanse
Kartoffel	Hund
Kartoffel	Hund
Kartoffel	Kuh
Kartoffel	Giraffe
Kartoffel	Arbeiter
Kartoffel	Affe
Kartoffel	Affe
Kartoffel	Auge
Hammer	Eidechse
Hammer	Banane
Hammer	Hand
Hammer	Kartoffel
Hammer	Schimpanse
Hammer	Chili
Hammer	Ananas
Hammer	Pavian
Hammer	Knoblauch
Hammer	Haar
Hammer	Tänzerin
Hammer	Taenzerin
Hammer	Birne
Hammer	Finger
Hammer	Ohr
Hammer	Schaf
Hammer	Kamel
Hammer	Pistole
Hammer	Strauss
Hammer	Strauß
Hammer	Zebra
Hammer	Ziege
Hammer	Loewe
Hammer	Löwe
Hammer	Schnuller
Hammer	Hand
Hammer	Kopfsalat
Hammer	Zucchini
Hammer	Schluessel
Hammer	Schlüssel
Hammer	Schlueßel
Hammer	Schlüßel
Hammer	Tänzerin
Hammer	Taenzerin
Hammer	Birne
Hammer	Telefon
Hammer	Traube
Hammer	Frosch
Hammer	Regenschirm
Hammer	Kaßette
Hammer	Kassette
Hammer	Schlange
Hammer	Faust
Hammer	Zange
Hammer	Koch
Hammer	Wolf
Hammer	Rettich
Hammer	Affe
Hammer	Schlange
Hammer	Guerteltier
Hammer	Gürteltier
Hammer	Stuhl
Hammer	Flagge
Hammer	Pavian
Hammer	Elefant
Hammer	Pfeffer
Hammer	Aubergine
Hammer	Zeigen
Hammer	Schimpanse
Hammer	Hund
Hammer	Hund
Hammer	Kuh
Hammer	Giraffe
Hammer	Arbeiter
Hammer	Affe
Hammer	Affe
Hammer	Auge
Schimpanse	Eidechse
Schimpanse	Banane
Schimpanse	Hand
Schimpanse	Kartoffel
Schimpanse	Hammer
Schimpanse	Chili
Schimpanse	Ananas
Schimpanse	Pavian
Schimpanse	Knoblauch
Schimpanse	Haar
Schimpanse	Tänzerin
Schimpanse	Taenzerin
Schimpanse	Birne
Schimpanse	Finger
Schimpanse	Ohr
Schimpanse	Schaf
Schimpanse	Kamel
Schimpanse	Pistole
Schimpanse	Strauss
Schimpanse	Strauß
Schimpanse	Zebra
Schimpanse	Ziege
Schimpanse	Loewe
Schimpanse	Löwe
Schimpanse	Schnuller
Schimpanse	Hand
Schimpanse	Kopfsalat
Schimpanse	Zucchini
Schimpanse	Schluessel
Schimpanse	Schlüssel
Schimpanse	Schlueßel
Schimpanse	Schlüßel
Schimpanse	Tänzerin
Schimpanse	Taenzerin
Schimpanse	Birne
Schimpanse	Telefon
Schimpanse	Traube
Schimpanse	Frosch
Schimpanse	Regenschirm
Schimpanse	Kaßette
Schimpanse	Kassette
Schimpanse	Schlange
Schimpanse	Faust
Schimpanse	Zange
Schimpanse	Koch
Schimpanse	Wolf
Schimpanse	Rettich
Schimpanse	Affe
Schimpanse	Schlange
Schimpanse	Guerteltier
Schimpanse	Gürteltier
Schimpanse	Stuhl
Schimpanse	Flagge
Schimpanse	Pavian
Schimpanse	Elefant
Schimpanse	Pfeffer
Schimpanse	Aubergine
Schimpanse	Zeigen
Schimpanse	Schimpanse
Schimpanse	Hund
Schimpanse	Hund
Schimpanse	Kuh
Schimpanse	Giraffe
Schimpanse	Arbeiter
Schimpanse	Affe
Schimpanse	Affe
Schimpanse	Auge
Chili	Eidechse
Chili	Banane
Chili	Hand
Chili	Kartoffel
Chili	Hammer
Chili	Schimpanse
Chili	Ananas
Chili	Pavian
Chili	Knoblauch
Chili	Haar
Chili	Tänzerin
Chili	Taenzerin
Chili	Birne
Chili	Finger
Chili	Ohr
Chili	Schaf
Chili	Kamel
Chili	Pistole
Chili	Strauss
Chili	Strauß
Chili	Zebra
Chili	Ziege
Chili	Loewe
Chili	Löwe
Chili	Schnuller
Chili	Hand
Chili	Kopfsalat
Chili	Zucchini
Chili	Schluessel
Chili	Schlüssel
Chili	Schlueßel
Chili	Schlüßel
Chili	Tänzerin
Chili	Taenzerin
Chili	Birne
Chili	Telefon
Chili	Traube
Chili	Frosch
Chili	Regenschirm
Chili	Kaßette
Chili	Kassette
Chili	Schlange
Chili	Faust
Chili	Zange
Chili	Koch
Chili	Wolf
Chili	Rettich
Chili	Affe
Chili	Schlange
Chili	Guerteltier
Chili	Gürteltier
Chili	Stuhl
Chili	Flagge
Chili	Pavian
Chili	Elefant
Chili	Pfeffer
Chili	Aubergine
Chili	Zeigen
Chili	Schimpanse
Chili	Hund
Chili	Hund
Chili	Kuh
Chili	Giraffe
Chili	Arbeiter
Chili	Affe
Chili	Affe
Chili	Auge
Ananas	Eidechse
Ananas	Banane
Ananas	Hand
Ananas	Kartoffel
Ananas	Hammer
Ananas	Schimpanse
Ananas	Chili
Ananas	Pavian
Ananas	Knoblauch
Ananas	Haar
Ananas	Tänzerin
Ananas	Taenzerin
Ananas	Birne
Ananas	Finger
Ananas	Ohr
Ananas	Schaf
Ananas	Kamel
Ananas	Pistole
Ananas	Strauss
Ananas	Strauß
Ananas	Zebra
Ananas	Ziege
Ananas	Loewe
Ananas	Löwe
Ananas	Schnuller
Ananas	Hand
Ananas	Kopfsalat
Ananas	Zucchini
Ananas	Schluessel
Ananas	Schlüssel
Ananas	Schlueßel
Ananas	Schlüßel
Ananas	Tänzerin
Ananas	Taenzerin
Ananas	Birne
Ananas	Telefon
Ananas	Traube
Ananas	Frosch
Ananas	Regenschirm
Ananas	Kaßette
Ananas	Kassette
Ananas	Schlange
Ananas	Faust
Ananas	Zange
Ananas	Koch
Ananas	Wolf
Ananas	Rettich
Ananas	Affe
Ananas	Schlange
Ananas	Guerteltier
Ananas	Gürteltier
Ananas	Stuhl
Ananas	Flagge
Ananas	Pavian
Ananas	Elefant
Ananas	Pfeffer
Ananas	Aubergine
Ananas	Zeigen
Ananas	Schimpanse
Ananas	Hund
Ananas	Hund
Ananas	Kuh
Ananas	Giraffe
Ananas	Arbeiter
Ananas	Affe
Ananas	Affe
Ananas	Auge
Pavian	Eidechse
Pavian	Banane
Pavian	Hand
Pavian	Kartoffel
Pavian	Hammer
Pavian	Schimpanse
Pavian	Chili
Pavian	Ananas
Pavian	Knoblauch
Pavian	Haar
Pavian	Tänzerin
Pavian	Taenzerin
Pavian	Birne
Pavian	Finger
Pavian	Ohr
Pavian	Schaf
Pavian	Kamel
Pavian	Pistole
Pavian	Strauss
Pavian	Strauß
Pavian	Zebra
Pavian	Ziege
Pavian	Loewe
Pavian	Löwe
Pavian	Schnuller
Pavian	Hand
Pavian	Kopfsalat
Pavian	Zucchini
Pavian	Schluessel
Pavian	Schlüssel
Pavian	Schlueßel
Pavian	Schlüßel
Pavian	Tänzerin
Pavian	Taenzerin
Pavian	Birne
Pavian	Telefon
Pavian	Traube
Pavian	Frosch
Pavian	Regenschirm
Pavian	Kaßette
Pavian	Kassette
Pavian	Schlange
Pavian	Faust
Pavian	Zange
Pavian	Koch
Pavian	Wolf
Pavian	Rettich
Pavian	Affe
Pavian	Schlange
Pavian	Guerteltier
Pavian	Gürteltier
Pavian	Stuhl
Pavian	Flagge
Pavian	Pavian
Pavian	Elefant
Pavian	Pfeffer
Pavian	Aubergine
Pavian	Zeigen
Pavian	Schimpanse
Pavian	Hund
Pavian	Hund
Pavian	Kuh
Pavian	Giraffe
Pavian	Arbeiter
Pavian	Affe
Pavian	Affe
Pavian	Auge
Knoblauch	Eidechse
Knoblauch	Banane
Knoblauch	Hand
Knoblauch	Kartoffel
Knoblauch	Hammer
Knoblauch	Schimpanse
Knoblauch	Chili
Knoblauch	Ananas
Knoblauch	Pavian
Knoblauch	Haar
Knoblauch	Tänzerin
Knoblauch	Taenzerin
Knoblauch	Birne
Knoblauch	Finger
Knoblauch	Ohr
Knoblauch	Schaf
Knoblauch	Kamel
Knoblauch	Pistole
Knoblauch	Strauss
Knoblauch	Strauß
Knoblauch	Zebra
Knoblauch	Ziege
Knoblauch	Loewe
Knoblauch	Löwe
Knoblauch	Schnuller
Knoblauch	Hand
Knoblauch	Kopfsalat
Knoblauch	Zucchini
Knoblauch	Schluessel
Knoblauch	Schlüssel
Knoblauch	Schlueßel
Knoblauch	Schlüßel
Knoblauch	Tänzerin
Knoblauch	Taenzerin
Knoblauch	Birne
Knoblauch	Telefon
Knoblauch	Traube
Knoblauch	Frosch
Knoblauch	Regenschirm
Knoblauch	Kaßette
Knoblauch	Kassette
Knoblauch	Schlange
Knoblauch	Faust
Knoblauch	Zange
Knoblauch	Koch
Knoblauch	Wolf
Knoblauch	Rettich
Knoblauch	Affe
Knoblauch	Schlange
Knoblauch	Guerteltier
Knoblauch	Gürteltier
Knoblauch	Stuhl
Knoblauch	Flagge
Knoblauch	Pavian
Knoblauch	Elefant
Knoblauch	Pfeffer
Knoblauch	Aubergine
Knoblauch	Zeigen
Knoblauch	Schimpanse
Knoblauch	Hund
Knoblauch	Hund
Knoblauch	Kuh
Knoblauch	Giraffe
Knoblauch	Arbeiter
Knoblauch	Affe
Knoblauch	Affe
Knoblauch	Auge
Haar	Eidechse
Haar	Banane
Haar	Hand
Haar	Kartoffel
Haar	Hammer
Haar	Schimpanse
Haar	Chili
Haar	Ananas
Haar	Pavian
Haar	Knoblauch
Haar	Tänzerin
Haar	Taenzerin
Haar	Birne
Haar	Finger
Haar	Ohr
Haar	Schaf
Haar	Kamel
Haar	Pistole
Haar	Strauss
Haar	Strauß
Haar	Zebra
Haar	Ziege
Haar	Loewe
Haar	Löwe
Haar	Schnuller
Haar	Hand
Haar	Kopfsalat
Haar	Zucchini
Haar	Schluessel
Haar	Schlüssel
Haar	Schlueßel
Haar	Schlüßel
Haar	Tänzerin
Haar	Taenzerin
Haar	Birne
Haar	Telefon
Haar	Traube
Haar	Frosch
Haar	Regenschirm
Haar	Kaßette
Haar	Kassette
Haar	Schlange
Haar	Faust
Haar	Zange
Haar	Koch
Haar	Wolf
Haar	Rettich
Haar	Affe
Haar	Schlange
Haar	Guerteltier
Haar	Gürteltier
Haar	Stuhl
Haar	Flagge
Haar	Pavian
Haar	Elefant
Haar	Pfeffer
Haar	Aubergine
Haar	Zeigen
Haar	Schimpanse
Haar	Hund
Haar	Hund
Haar	Kuh
Haar	Giraffe
Haar	Arbeiter
Haar	Affe
Haar	Affe
Haar	Auge
Tänzerin	Eidechse
Taenzerin	Eidechse
Tänzerin	Banane
Taenzerin	Banane
Tänzerin	Hand
Taenzerin	Hand
Tänzerin	Kartoffel
Taenzerin	Kartoffel
Tänzerin	Hammer
Taenzerin	Hammer
Tänzerin	Schimpanse
Taenzerin	Schimpanse
Tänzerin	Chili
Taenzerin	Chili
Tänzerin	Ananas
Taenzerin	Ananas
Tänzerin	Pavian
Taenzerin	Pavian
Tänzerin	Knoblauch
Taenzerin	Knoblauch
Tänzerin	Haar
Taenzerin	Haar
Tänzerin	Birne
Taenzerin	Birne
Tänzerin	Finger
Taenzerin	Finger
Tänzerin	Ohr
Taenzerin	Ohr
Tänzerin	Schaf
Taenzerin	Schaf
Tänzerin	Kamel
Taenzerin	Kamel
Tänzerin	Pistole
Taenzerin	Pistole
Tänzerin	Strauss
Tänzerin	Strauß
Taenzerin	Strauss
Taenzerin	Strauß
Tänzerin	Zebra
Taenzerin	Zebra
Tänzerin	Ziege
Taenzerin	Ziege
Tänzerin	Loewe
Tänzerin	Löwe
Taenzerin	Loewe
Taenzerin	Löwe
Tänzerin	Schnuller
Taenzerin	Schnuller
Tänzerin	Hand
Taenzerin	Hand
Tänzerin	Kopfsalat
Taenzerin	Kopfsalat
Tänzerin	Zucchini
Taenzerin	Zucchini
Tänzerin	Schluessel
Tänzerin	Schlüssel
Tänzerin	Schlueßel
Tänzerin	Schlüßel
Taenzerin	Schluessel
Taenzerin	Schlüssel
Taenzerin	Schlueßel
Taenzerin	Schlüßel
Tänzerin	Tänzerin
Tänzerin	Taenzerin
Taenzerin	Tänzerin
Taenzerin	Taenzerin
Tänzerin	Birne
Taenzerin	Birne
Tänzerin	Telefon
Taenzerin	Telefon
Tänzerin	Traube
Taenzerin	Traube
Tänzerin	Frosch
Taenzerin	Frosch
Tänzerin	Regenschirm
Taenzerin	Regenschirm
Tänzerin	Kaßette
Tänzerin	Kassette
Taenzerin	Kaßette
Taenzerin	Kassette
Tänzerin	Schlange
Taenzerin	Schlange
Tänzerin	Faust
Taenzerin	Faust
Tänzerin	Zange
Taenzerin	Zange
Tänzerin	Koch
Taenzerin	Koch
Tänzerin	Wolf
Taenzerin	Wolf
Tänzerin	Rettich
Taenzerin	Rettich
Tänzerin	Affe
Taenzerin	Affe
Tänzerin	Schlange
Taenzerin	Schlange
Tänzerin	Guerteltier
Tänzerin	Gürteltier
Taenzerin	Guerteltier
Taenzerin	Gürteltier
Tänzerin	Stuhl
Taenzerin	Stuhl
Tänzerin	Flagge
Taenzerin	Flagge
Tänzerin	Pavian
Taenzerin	Pavian
Tänzerin	Elefant
Taenzerin	Elefant
Tänzerin	Pfeffer
Taenzerin	Pfeffer
Tänzerin	Aubergine
Taenzerin	Aubergine
Tänzerin	Zeigen
Taenzerin	Zeigen
Tänzerin	Schimpanse
Taenzerin	Schimpanse
Tänzerin	Hund
Taenzerin	Hund
Tänzerin	Hund
Taenzerin	Hund
Tänzerin	Kuh
Taenzerin	Kuh
Tänzerin	Giraffe
Taenzerin	Giraffe
Tänzerin	Arbeiter
Taenzerin	Arbeiter
Tänzerin	Affe
Taenzerin	Affe
Tänzerin	Affe
Taenzerin	Affe
Tänzerin	Auge
Taenzerin	Auge
Birne	Eidechse
Birne	Banane
Birne	Hand
Birne	Kartoffel
Birne	Hammer
Birne	Schimpanse
Birne	Chili
Birne	Ananas
Birne	Pavian
Birne	Knoblauch
Birne	Haar
Birne	Tänzerin
Birne	Taenzerin
Birne	Finger
Birne	Ohr
Birne	Schaf
Birne	Kamel
Birne	Pistole
Birne	Strauss
Birne	Strauß
Birne	Zebra
Birne	Ziege
Birne	Loewe
Birne	Löwe
Birne	Schnuller
Birne	Hand
Birne	Kopfsalat
Birne	Zucchini
Birne	Schluessel
Birne	Schlüssel
Birne	Schlueßel
Birne	Schlüßel
Birne	Tänzerin
Birne	Taenzerin
Birne	Birne
Birne	Telefon
Birne	Traube
Birne	Frosch
Birne	Regenschirm
Birne	Kaßette
Birne	Kassette
Birne	Schlange
Birne	Faust
Birne	Zange
Birne	Koch
Birne	Wolf
Birne	Rettich
Birne	Affe
Birne	Schlange
Birne	Guerteltier
Birne	Gürteltier
Birne	Stuhl
Birne	Flagge
Birne	Pavian
Birne	Elefant
Birne	Pfeffer
Birne	Aubergine
Birne	Zeigen
Birne	Schimpanse
Birne	Hund
Birne	Hund
Birne	Kuh
Birne	Giraffe
Birne	Arbeiter
Birne	Affe
Birne	Affe
Birne	Auge
Finger	Eidechse
Finger	Banane
Finger	Hand
Finger	Kartoffel
Finger	Hammer
Finger	Schimpanse
Finger	Chili
Finger	Ananas
Finger	Pavian
Finger	Knoblauch
Finger	Haar
Finger	Tänzerin
Finger	Taenzerin
Finger	Birne
Finger	Ohr
Finger	Schaf
Finger	Kamel
Finger	Pistole
Finger	Strauss
Finger	Strauß
Finger	Zebra
Finger	Ziege
Finger	Loewe
Finger	Löwe
Finger	Schnuller
Finger	Hand
Finger	Kopfsalat
Finger	Zucchini
Finger	Schluessel
Finger	Schlüssel
Finger	Schlueßel
Finger	Schlüßel
Finger	Tänzerin
Finger	Taenzerin
Finger	Birne
Finger	Telefon
Finger	Traube
Finger	Frosch
Finger	Regenschirm
Finger	Kaßette
Finger	Kassette
Finger	Schlange
Finger	Faust
Finger	Zange
Finger	Koch
Finger	Wolf
Finger	Rettich
Finger	Affe
Finger	Schlange
Finger	Guerteltier
Finger	Gürteltier
Finger	Stuhl
Finger	Flagge
Finger	Pavian
Finger	Elefant
Finger	Pfeffer
Finger	Aubergine
Finger	Zeigen
Finger	Schimpanse
Finger	Hund
Finger	Hund
Finger	Kuh
Finger	Giraffe
Finger	Arbeiter
Finger	Affe
Finger	Affe
Finger	Auge
Ohr	Eidechse
Ohr	Banane
Ohr	Hand
Ohr	Kartoffel
Ohr	Hammer
Ohr	Schimpanse
Ohr	Chili
Ohr	Ananas
Ohr	Pavian
Ohr	Knoblauch
Ohr	Haar
Ohr	Tänzerin
Ohr	Taenzerin
Ohr	Birne
Ohr	Finger
Ohr	Schaf
Ohr	Kamel
Ohr	Pistole
Ohr	Strauss
Ohr	Strauß
Ohr	Zebra
Ohr	Ziege
Ohr	Loewe
Ohr	Löwe
Ohr	Schnuller
Ohr	Hand
Ohr	Kopfsalat
Ohr	Zucchini
Ohr	Schluessel
Ohr	Schlüssel
Ohr	Schlueßel
Ohr	Schlüßel
Ohr	Tänzerin
Ohr	Taenzerin
Ohr	Birne
Ohr	Telefon
Ohr	Traube
Ohr	Frosch
Ohr	Regenschirm
Ohr	Kaßette
Ohr	Kassette
Ohr	Schlange
Ohr	Faust
Ohr	Zange
Ohr	Koch
Ohr	Wolf
Ohr	Rettich
Ohr	Affe
Ohr	Schlange
Ohr	Guerteltier
Ohr	Gürteltier
Ohr	Stuhl
Ohr	Flagge
Ohr	Pavian
Ohr	Elefant
Ohr	Pfeffer
Ohr	Aubergine
Ohr	Zeigen
Ohr	Schimpanse
Ohr	Hund
Ohr	Hund
Ohr	Kuh
Ohr	Giraffe
Ohr	Arbeiter
Ohr	Affe
Ohr	Affe
Ohr	Auge
Schaf	Eidechse
Schaf	Banane
Schaf	Hand
Schaf	Kartoffel
Schaf	Hammer
Schaf	Schimpanse
Schaf	Chili
Schaf	Ananas
Schaf	Pavian
Schaf	Knoblauch
Schaf	Haar
Schaf	Tänzerin
Schaf	Taenzerin
Schaf	Birne
Schaf	Finger
Schaf	Ohr
Schaf	Kamel
Schaf	Pistole
Schaf	Strauss
Schaf	Strauß
Schaf	Zebra
Schaf	Ziege
Schaf	Loewe
Schaf	Löwe
Schaf	Schnuller
Schaf	Hand
Schaf	Kopfsalat
Schaf	Zucchini
Schaf	Schluessel
Schaf	Schlüssel
Schaf	Schlueßel
Schaf	Schlüßel
Schaf	Tänzerin
Schaf	Taenzerin
Schaf	Birne
Schaf	Telefon
Schaf	Traube
Schaf	Frosch
Schaf	Regenschirm
Schaf	Kaßette
Schaf	Kassette
Schaf	Schlange
Schaf	Faust
Schaf	Zange
Schaf	Koch
Schaf	Wolf
Schaf	Rettich
Schaf	Affe
Schaf	Schlange
Schaf	Guerteltier
Schaf	Gürteltier
Schaf	Stuhl
Schaf	Flagge
Schaf	Pavian
Schaf	Elefant
Schaf	Pfeffer
Schaf	Aubergine
Schaf	Zeigen
Schaf	Schimpanse
Schaf	Hund
Schaf	Hund
Schaf	Kuh
Schaf	Giraffe
Schaf	Arbeiter
Schaf	Affe
Schaf	Affe
Schaf	Auge
Kamel	Eidechse
Kamel	Banane
Kamel	Hand
Kamel	Kartoffel
Kamel	Hammer
Kamel	Schimpanse
Kamel	Chili
Kamel	Ananas
Kamel	Pavian
Kamel	Knoblauch
Kamel	Haar
Kamel	Tänzerin
Kamel	Taenzerin
Kamel	Birne
Kamel	Finger
Kamel	Ohr
Kamel	Schaf
Kamel	Pistole
Kamel	Strauss
Kamel	Strauß
Kamel	Zebra
Kamel	Ziege
Kamel	Loewe
Kamel	Löwe
Kamel	Schnuller
Kamel	Hand
Kamel	Kopfsalat
Kamel	Zucchini
Kamel	Schluessel
Kamel	Schlüssel
Kamel	Schlueßel
Kamel	Schlüßel
Kamel	Tänzerin
Kamel	Taenzerin
Kamel	Birne
Kamel	Telefon
Kamel	Traube
Kamel	Frosch
Kamel	Regenschirm
Kamel	Kaßette
Kamel	Kassette
Kamel	Schlange
Kamel	Faust
Kamel	Zange
Kamel	Koch
Kamel	Wolf
Kamel	Rettich
Kamel	Affe
Kamel	Schlange
Kamel	Guerteltier
Kamel	Gürteltier
Kamel	Stuhl
Kamel	Flagge
Kamel	Pavian
Kamel	Elefant
Kamel	Pfeffer
Kamel	Aubergine
Kamel	Zeigen
Kamel	Schimpanse
Kamel	Hund
Kamel	Hund
Kamel	Kuh
Kamel	Giraffe
Kamel	Arbeiter
Kamel	Affe
Kamel	Affe
Kamel	Auge
Pistole	Eidechse
Pistole	Banane
Pistole	Hand
Pistole	Kartoffel
Pistole	Hammer
Pistole	Schimpanse
Pistole	Chili
Pistole	Ananas
Pistole	Pavian
Pistole	Knoblauch
Pistole	Haar
Pistole	Tänzerin
Pistole	Taenzerin
Pistole	Birne
Pistole	Finger
Pistole	Ohr
Pistole	Schaf
Pistole	Kamel
Pistole	Strauss
Pistole	Strauß
Pistole	Zebra
Pistole	Ziege
Pistole	Loewe
Pistole	Löwe
Pistole	Schnuller
Pistole	Hand
Pistole	Kopfsalat
Pistole	Zucchini
Pistole	Schluessel
Pistole	Schlüssel
Pistole	Schlueßel
Pistole	Schlüßel
Pistole	Tänzerin
Pistole	Taenzerin
Pistole	Birne
Pistole	Telefon
Pistole	Traube
Pistole	Frosch
Pistole	Regenschirm
Pistole	Kaßette
Pistole	Kassette
Pistole	Schlange
Pistole	Faust
Pistole	Zange
Pistole	Koch
Pistole	Wolf
Pistole	Rettich
Pistole	Affe
Pistole	Schlange
Pistole	Guerteltier
Pistole	Gürteltier
Pistole	Stuhl
Pistole	Flagge
Pistole	Pavian
Pistole	Elefant
Pistole	Pfeffer
Pistole	Aubergine
Pistole	Zeigen
Pistole	Schimpanse
Pistole	Hund
Pistole	Hund
Pistole	Kuh
Pistole	Giraffe
Pistole	Arbeiter
Pistole	Affe
Pistole	Affe
Pistole	Auge
Strauss	Eidechse
Strauß	Eidechse
Strauss	Banane
Strauß	Banane
Strauss	Hand
Strauß	Hand
Strauss	Kartoffel
Strauß	Kartoffel
Strauss	Hammer
Strauß	Hammer
Strauss	Schimpanse
Strauß	Schimpanse
Strauss	Chili
Strauß	Chili
Strauss	Ananas
Strauß	Ananas
Strauss	Pavian
Strauß	Pavian
Strauss	Knoblauch
Strauß	Knoblauch
Strauss	Haar
Strauß	Haar
Strauss	Tänzerin
Strauss	Taenzerin
Strauß	Tänzerin
Strauß	Taenzerin
Strauss	Birne
Strauß	Birne
Strauss	Finger
Strauß	Finger
Strauss	Ohr
Strauß	Ohr
Strauss	Schaf
Strauß	Schaf
Strauss	Kamel
Strauß	Kamel
Strauss	Pistole
Strauß	Pistole
Strauss	Zebra
Strauß	Zebra
Strauss	Ziege
Strauß	Ziege
Strauss	Loewe
Strauss	Löwe
Strauß	Loewe
Strauß	Löwe
Strauss	Schnuller
Strauß	Schnuller
Strauss	Hand
Strauß	Hand
Strauss	Kopfsalat
Strauß	Kopfsalat
Strauss	Zucchini
Strauß	Zucchini
Strauss	Schluessel
Strauss	Schlüssel
Strauss	Schlueßel
Strauss	Schlüßel
Strauß	Schluessel
Strauß	Schlüssel
Strauß	Schlueßel
Strauß	Schlüßel
Strauss	Tänzerin
Strauss	Taenzerin
Strauß	Tänzerin
Strauß	Taenzerin
Strauss	Birne
Strauß	Birne
Strauss	Telefon
Strauß	Telefon
Strauss	Traube
Strauß	Traube
Strauss	Frosch
Strauß	Frosch
Strauss	Regenschirm
Strauß	Regenschirm
Strauss	Kaßette
Strauss	Kassette
Strauß	Kaßette
Strauß	Kassette
Strauss	Schlange
Strauß	Schlange
Strauss	Faust
Strauß	Faust
Strauss	Zange
Strauß	Zange
Strauss	Koch
Strauß	Koch
Strauss	Wolf
Strauß	Wolf
Strauss	Rettich
Strauß	Rettich
Strauss	Affe
Strauß	Affe
Strauss	Schlange
Strauß	Schlange
Strauss	Guerteltier
Strauss	Gürteltier
Strauß	Guerteltier
Strauß	Gürteltier
Strauss	Stuhl
Strauß	Stuhl
Strauss	Flagge
Strauß	Flagge
Strauss	Pavian
Strauß	Pavian
Strauss	Elefant
Strauß	Elefant
Strauss	Pfeffer
Strauß	Pfeffer
Strauss	Aubergine
Strauß	Aubergine
Strauss	Zeigen
Strauß	Zeigen
Strauss	Schimpanse
Strauß	Schimpanse
Strauss	Hund
Strauß	Hund
Strauss	Hund
Strauß	Hund
Strauss	Kuh
Strauß	Kuh
Strauss	Giraffe
Strauß	Giraffe
Strauss	Arbeiter
Strauß	Arbeiter
Strauss	Affe
Strauß	Affe
Strauss	Affe
Strauß	Affe
Strauss	Auge
Strauß	Auge
Zebra	Eidechse
Zebra	Banane
Zebra	Hand
Zebra	Kartoffel
Zebra	Hammer
Zebra	Schimpanse
Zebra	Chili
Zebra	Ananas
Zebra	Pavian
Zebra	Knoblauch
Zebra	Haar
Zebra	Tänzerin
Zebra	Taenzerin
Zebra	Birne
Zebra	Finger
Zebra	Ohr
Zebra	Schaf
Zebra	Kamel
Zebra	Pistole
Zebra	Strauss
Zebra	Strauß
Zebra	Ziege
Zebra	Loewe
Zebra	Löwe
Zebra	Schnuller
Zebra	Hand
Zebra	Kopfsalat
Zebra	Zucchini
Zebra	Schluessel
Zebra	Schlüssel
Zebra	Schlueßel
Zebra	Schlüßel
Zebra	Tänzerin
Zebra	Taenzerin
Zebra	Birne
Zebra	Telefon
Zebra	Traube
Zebra	Frosch
Zebra	Regenschirm
Zebra	Kaßette
Zebra	Kassette
Zebra	Schlange
Zebra	Faust
Zebra	Zange
Zebra	Koch
Zebra	Wolf
Zebra	Rettich
Zebra	Affe
Zebra	Schlange
Zebra	Guerteltier
Zebra	Gürteltier
Zebra	Stuhl
Zebra	Flagge
Zebra	Pavian
Zebra	Elefant
Zebra	Pfeffer
Zebra	Aubergine
Zebra	Zeigen
Zebra	Schimpanse
Zebra	Hund
Zebra	Hund
Zebra	Kuh
Zebra	Giraffe
Zebra	Arbeiter
Zebra	Affe
Zebra	Affe
Zebra	Auge
Ziege	Eidechse
Ziege	Banane
Ziege	Hand
Ziege	Kartoffel
Ziege	Hammer
Ziege	Schimpanse
Ziege	Chili
Ziege	Ananas
Ziege	Pavian
Ziege	Knoblauch
Ziege	Haar
Ziege	Tänzerin
Ziege	Taenzerin
Ziege	Birne
Ziege	Finger
Ziege	Ohr
Ziege	Schaf
Ziege	Kamel
Ziege	Pistole
Ziege	Strauss
Ziege	Strauß
Ziege	Zebra
Ziege	Loewe
Ziege	Löwe
Ziege	Schnuller
Ziege	Hand
Ziege	Kopfsalat
Ziege	Zucchini
Ziege	Schluessel
Ziege	Schlüssel
Ziege	Schlueßel
Ziege	Schlüßel
Ziege	Tänzerin
Ziege	Taenzerin
Ziege	Birne
Ziege	Telefon
Ziege	Traube
Ziege	Frosch
Ziege	Regenschirm
Ziege	Kaßette
Ziege	Kassette
Ziege	Schlange
Ziege	Faust
Ziege	Zange
Ziege	Koch
Ziege	Wolf
Ziege	Rettich
Ziege	Affe
Ziege	Schlange
Ziege	Guerteltier
Ziege	Gürteltier
Ziege	Stuhl
Ziege	Flagge
Ziege	Pavian
Ziege	Elefant
Ziege	Pfeffer
Ziege	Aubergine
Ziege	Zeigen
Ziege	Schimpanse
Ziege	Hund
Ziege	Hund
Ziege	Kuh
Ziege	Giraffe
Ziege	Arbeiter
Ziege	Affe
Ziege	Affe
Ziege	Auge
Loewe	Eidechse
Löwe	Eidechse
Loewe	Banane
Löwe	Banane
Loewe	Hand
Löwe	Hand
Loewe	Kartoffel
Löwe	Kartoffel
Loewe	Hammer
Löwe	Hammer
Loewe	Schimpanse
Löwe	Schimpanse
Loewe	Chili
Löwe	Chili
Loewe	Ananas
Löwe	Ananas
Loewe	Pavian
Löwe	Pavian
Loewe	Knoblauch
Löwe	Knoblauch
Loewe	Haar
Löwe	Haar
Loewe	Tänzerin
Loewe	Taenzerin
Löwe	Tänzerin
Löwe	Taenzerin
Loewe	Birne
Löwe	Birne
Loewe	Finger
Löwe	Finger
Loewe	Ohr
Löwe	Ohr
Loewe	Schaf
Löwe	Schaf
Loewe	Kamel
Löwe	Kamel
Loewe	Pistole
Löwe	Pistole
Loewe	Strauss
Loewe	Strauß
Löwe	Strauss
Löwe	Strauß
Loewe	Zebra
Löwe	Zebra
Loewe	Ziege
Löwe	Ziege
Loewe	Schnuller
Löwe	Schnuller
Loewe	Hand
Löwe	Hand
Loewe	Kopfsalat
Löwe	Kopfsalat
Loewe	Zucchini
Löwe	Zucchini
Loewe	Schluessel
Loewe	Schlüssel
Loewe	Schlueßel
Loewe	Schlüßel
Löwe	Schluessel
Löwe	Schlüssel
Löwe	Schlueßel
Löwe	Schlüßel
Loewe	Tänzerin
Loewe	Taenzerin
Löwe	Tänzerin
Löwe	Taenzerin
Loewe	Birne
Löwe	Birne
Loewe	Telefon
Löwe	Telefon
Loewe	Traube
Löwe	Traube
Loewe	Frosch
Löwe	Frosch
Loewe	Regenschirm
Löwe	Regenschirm
Loewe	Kaßette
Loewe	Kassette
Löwe	Kaßette
Löwe	Kassette
Loewe	Schlange
Löwe	Schlange
Loewe	Faust
Löwe	Faust
Loewe	Zange
Löwe	Zange
Loewe	Koch
Löwe	Koch
Loewe	Wolf
Löwe	Wolf
Loewe	Rettich
Löwe	Rettich
Loewe	Affe
Löwe	Affe
Loewe	Schlange
Löwe	Schlange
Loewe	Guerteltier
Loewe	Gürteltier
Löwe	Guerteltier
Löwe	Gürteltier
Loewe	Stuhl
Löwe	Stuhl
Loewe	Flagge
Löwe	Flagge
Loewe	Pavian
Löwe	Pavian
Loewe	Elefant
Löwe	Elefant
Loewe	Pfeffer
Löwe	Pfeffer
Loewe	Aubergine
Löwe	Aubergine
Loewe	Zeigen
Löwe	Zeigen
Loewe	Schimpanse
Löwe	Schimpanse
Loewe	Hund
Löwe	Hund
Loewe	Hund
Löwe	Hund
Loewe	Kuh
Löwe	Kuh
Loewe	Giraffe
Löwe	Giraffe
Loewe	Arbeiter
Löwe	Arbeiter
Loewe	Affe
Löwe	Affe
Loewe	Affe
Löwe	Affe
Loewe	Auge
Löwe	Auge
Schnuller	Eidechse
Schnuller	Banane
Schnuller	Hand
Schnuller	Kartoffel
Schnuller	Hammer
Schnuller	Schimpanse
Schnuller	Chili
Schnuller	Ananas
Schnuller	Pavian
Schnuller	Knoblauch
Schnuller	Haar
Schnuller	Tänzerin
Schnuller	Taenzerin
Schnuller	Birne
Schnuller	Finger
Schnuller	Ohr
Schnuller	Schaf
Schnuller	Kamel
Schnuller	Pistole
Schnuller	Strauss
Schnuller	Strauß
Schnuller	Zebra
Schnuller	Ziege
Schnuller	Loewe
Schnuller	Löwe
Schnuller	Hand
Schnuller	Kopfsalat
Schnuller	Zucchini
Schnuller	Schluessel
Schnuller	Schlüssel
Schnuller	Schlueßel
Schnuller	Schlüßel
Schnuller	Tänzerin
Schnuller	Taenzerin
Schnuller	Birne
Schnuller	Telefon
Schnuller	Traube
Schnuller	Frosch
Schnuller	Regenschirm
Schnuller	Kaßette
Schnuller	Kassette
Schnuller	Schlange
Schnuller	Faust
Schnuller	Zange
Schnuller	Koch
Schnuller	Wolf
Schnuller	Rettich
Schnuller	Affe
Schnuller	Schlange
Schnuller	Guerteltier
Schnuller	Gürteltier
Schnuller	Stuhl
Schnuller	Flagge
Schnuller	Pavian
Schnuller	Elefant
Schnuller	Pfeffer
Schnuller	Aubergine
Schnuller	Zeigen
Schnuller	Schimpanse
Schnuller	Hund
Schnuller	Hund
Schnuller	Kuh
Schnuller	Giraffe
Schnuller	Arbeiter
Schnuller	Affe
Schnuller	Affe
Schnuller	Auge
Hand	Eidechse
Hand	Banane
Hand	Hand
Hand	Kartoffel
Hand	Hammer
Hand	Schimpanse
Hand	Chili
Hand	Ananas
Hand	Pavian
Hand	Knoblauch
Hand	Haar
Hand	Tänzerin
Hand	Taenzerin
Hand	Birne
Hand	Finger
Hand	Ohr
Hand	Schaf
Hand	Kamel
Hand	Pistole
Hand	Strauss
Hand	Strauß
Hand	Zebra
Hand	Ziege
Hand	Loewe
Hand	Löwe
Hand	Schnuller
Hand	Kopfsalat
Hand	Zucchini
Hand	Schluessel
Hand	Schlüssel
Hand	Schlueßel
Hand	Schlüßel
Hand	Tänzerin
Hand	Taenzerin
Hand	Birne
Hand	Telefon
Hand	Traube
Hand	Frosch
Hand	Regenschirm
Hand	Kaßette
Hand	Kassette
Hand	Schlange
Hand	Faust
Hand	Zange
Hand	Koch
Hand	Wolf
Hand	Rettich
Hand	Affe
Hand	Schlange
Hand	Guerteltier
Hand	Gürteltier
Hand	Stuhl
Hand	Flagge
Hand	Pavian
Hand	Elefant
Hand	Pfeffer
Hand	Aubergine
Hand	Zeigen
Hand	Schimpanse
Hand	Hund
Hand	Hund
Hand	Kuh
Hand	Giraffe
Hand	Arbeiter
Hand	Affe
Hand	Affe
Hand	Auge
Kopfsalat	Eidechse
Kopfsalat	Banane
Kopfsalat	Hand
Kopfsalat	Kartoffel
Kopfsalat	Hammer
Kopfsalat	Schimpanse
Kopfsalat	Chili
Kopfsalat	Ananas
Kopfsalat	Pavian
Kopfsalat	Knoblauch
Kopfsalat	Haar
Kopfsalat	Tänzerin
Kopfsalat	Taenzerin
Kopfsalat	Birne
Kopfsalat	Finger
Kopfsalat	Ohr
Kopfsalat	Schaf
Kopfsalat	Kamel
Kopfsalat	Pistole
Kopfsalat	Strauss
Kopfsalat	Strauß
Kopfsalat	Zebra
Kopfsalat	Ziege
Kopfsalat	Loewe
Kopfsalat	Löwe
Kopfsalat	Schnuller
Kopfsalat	Hand
Kopfsalat	Zucchini
Kopfsalat	Schluessel
Kopfsalat	Schlüssel
Kopfsalat	Schlueßel
Kopfsalat	Schlüßel
Kopfsalat	Tänzerin
Kopfsalat	Taenzerin
Kopfsalat	Birne
Kopfsalat	Telefon
Kopfsalat	Traube
Kopfsalat	Frosch
Kopfsalat	Regenschirm
Kopfsalat	Kaßette
Kopfsalat	Kassette
Kopfsalat	Schlange
Kopfsalat	Faust
Kopfsalat	Zange
Kopfsalat	Koch
Kopfsalat	Wolf
Kopfsalat	Rettich
Kopfsalat	Affe
Kopfsalat	Schlange
Kopfsalat	Guerteltier
Kopfsalat	Gürteltier
Kopfsalat	Stuhl
Kopfsalat	Flagge
Kopfsalat	Pavian
Kopfsalat	Elefant
Kopfsalat	Pfeffer
Kopfsalat	Aubergine
Kopfsalat	Zeigen
Kopfsalat	Schimpanse
Kopfsalat	Hund
Kopfsalat	Hund
Kopfsalat	Kuh
Kopfsalat	Giraffe
Kopfsalat	Arbeiter
Kopfsalat	Affe
Kopfsalat	Affe
Kopfsalat	Auge
Zucchini	Eidechse
Zucchini	Banane
Zucchini	Hand
Zucchini	Kartoffel
Zucchini	Hammer
Zucchini	Schimpanse
Zucchini	Chili
Zucchini	Ananas
Zucchini	Pavian
Zucchini	Knoblauch
Zucchini	Haar
Zucchini	Tänzerin
Zucchini	Taenzerin
Zucchini	Birne
Zucchini	Finger
Zucchini	Ohr
Zucchini	Schaf
Zucchini	Kamel
Zucchini	Pistole
Zucchini	Strauss
Zucchini	Strauß
Zucchini	Zebra
Zucchini	Ziege
Zucchini	Loewe
Zucchini	Löwe
Zucchini	Schnuller
Zucchini	Hand
Zucchini	Kopfsalat
Zucchini	Schluessel
Zucchini	Schlüssel
Zucchini	Schlueßel
Zucchini	Schlüßel
Zucchini	Tänzerin
Zucchini	Taenzerin
Zucchini	Birne
Zucchini	Telefon
Zucchini	Traube
Zucchini	Frosch
Zucchini	Regenschirm
Zucchini	Kaßette
Zucchini	Kassette
Zucchini	Schlange
Zucchini	Faust
Zucchini	Zange
Zucchini	Koch
Zucchini	Wolf
Zucchini	Rettich
Zucchini	Affe
Zucchini	Schlange
Zucchini	Guerteltier
Zucchini	Gürteltier
Zucchini	Stuhl
Zucchini	Flagge
Zucchini	Pavian
Zucchini	Elefant
Zucchini	Pfeffer
Zucchini	Aubergine
Zucchini	Zeigen
Zucchini	Schimpanse
Zucchini	Hund
Zucchini	Hund
Zucchini	Kuh
Zucchini	Giraffe
Zucchini	Arbeiter
Zucchini	Affe
Zucchini	Affe
Zucchini	Auge
Schluessel	Eidechse
Schlüssel	Eidechse
Schlueßel	Eidechse
Schlüßel	Eidechse
Schluessel	Banane
Schlüssel	Banane
Schlueßel	Banane
Schlüßel	Banane
Schluessel	Hand
Schlüssel	Hand
Schlueßel	Hand
Schlüßel	Hand
Schluessel	Kartoffel
Schlüssel	Kartoffel
Schlueßel	Kartoffel
Schlüßel	Kartoffel
Schluessel	Hammer
Schlüssel	Hammer
Schlueßel	Hammer
Schlüßel	Hammer
Schluessel	Schimpanse
Schlüssel	Schimpanse
Schlueßel	Schimpanse
Schlüßel	Schimpanse
Schluessel	Chili
Schlüssel	Chili
Schlueßel	Chili
Schlüßel	Chili
Schluessel	Ananas
Schlüssel	Ananas
Schlueßel	Ananas
Schlüßel	Ananas
Schluessel	Pavian
Schlüssel	Pavian
Schlueßel	Pavian
Schlüßel	Pavian
Schluessel	Knoblauch
Schlüssel	Knoblauch
Schlueßel	Knoblauch
Schlüßel	Knoblauch
Schluessel	Haar
Schlüssel	Haar
Schlueßel	Haar
Schlüßel	Haar
Schluessel	Tänzerin
Schluessel	Taenzerin
Schlüssel	Tänzerin
Schlüssel	Taenzerin
Schlueßel	Tänzerin
Schlueßel	Taenzerin
Schlüßel	Tänzerin
Schlüßel	Taenzerin
Schluessel	Birne
Schlüssel	Birne
Schlueßel	Birne
Schlüßel	Birne
Schluessel	Finger
Schlüssel	Finger
Schlueßel	Finger
Schlüßel	Finger
Schluessel	Ohr
Schlüssel	Ohr
Schlueßel	Ohr
Schlüßel	Ohr
Schluessel	Schaf
Schlüssel	Schaf
Schlueßel	Schaf
Schlüßel	Schaf
Schluessel	Kamel
Schlüssel	Kamel
Schlueßel	Kamel
Schlüßel	Kamel
Schluessel	Pistole
Schlüssel	Pistole
Schlueßel	Pistole
Schlüßel	Pistole
Schluessel	Strauss
Schluessel	Strauß
Schlüssel	Strauss
Schlüssel	Strauß
Schlueßel	Strauss
Schlueßel	Strauß
Schlüßel	Strauss
Schlüßel	Strauß
Schluessel	Zebra
Schlüssel	Zebra
Schlueßel	Zebra
Schlüßel	Zebra
Schluessel	Ziege
Schlüssel	Ziege
Schlueßel	Ziege
Schlüßel	Ziege
Schluessel	Loewe
Schluessel	Löwe
Schlüssel	Loewe
Schlüssel	Löwe
Schlueßel	Loewe
Schlueßel	Löwe
Schlüßel	Loewe
Schlüßel	Löwe
Schluessel	Schnuller
Schlüssel	Schnuller
Schlueßel	Schnuller
Schlüßel	Schnuller
Schluessel	Hand
Schlüssel	Hand
Schlueßel	Hand
Schlüßel	Hand
Schluessel	Kopfsalat
Schlüssel	Kopfsalat
Schlueßel	Kopfsalat
Schlüßel	Kopfsalat
Schluessel	Zucchini
Schlüssel	Zucchini
Schlueßel	Zucchini
Schlüßel	Zucchini
Schluessel	Tänzerin
Schluessel	Taenzerin
Schlüssel	Tänzerin
Schlüssel	Taenzerin
Schlueßel	Tänzerin
Schlueßel	Taenzerin
Schlüßel	Tänzerin
Schlüßel	Taenzerin
Schluessel	Birne
Schlüssel	Birne
Schlueßel	Birne
Schlüßel	Birne
Schluessel	Telefon
Schlüssel	Telefon
Schlueßel	Telefon
Schlüßel	Telefon
Schluessel	Traube
Schlüssel	Traube
Schlueßel	Traube
Schlüßel	Traube
Schluessel	Frosch
Schlüssel	Frosch
Schlueßel	Frosch
Schlüßel	Frosch
Schluessel	Regenschirm
Schlüssel	Regenschirm
Schlueßel	Regenschirm
Schlüßel	Regenschirm
Schluessel	Kaßette
Schluessel	Kassette
Schlüssel	Kaßette
Schlüssel	Kassette
Schlueßel	Kaßette
Schlueßel	Kassette
Schlüßel	Kaßette
Schlüßel	Kassette
Schluessel	Schlange
Schlüssel	Schlange
Schlueßel	Schlange
Schlüßel	Schlange
Schluessel	Faust
Schlüssel	Faust
Schlueßel	Faust
Schlüßel	Faust
Schluessel	Zange
Schlüssel	Zange
Schlueßel	Zange
Schlüßel	Zange
Schluessel	Koch
Schlüssel	Koch
Schlueßel	Koch
Schlüßel	Koch
Schluessel	Wolf
Schlüssel	Wolf
Schlueßel	Wolf
Schlüßel	Wolf
Schluessel	Rettich
Schlüssel	Rettich
Schlueßel	Rettich
Schlüßel	Rettich
Schluessel	Affe
Schlüssel	Affe
Schlueßel	Affe
Schlüßel	Affe
Schluessel	Schlange
Schlüssel	Schlange
Schlueßel	Schlange
Schlüßel	Schlange
Schluessel	Guerteltier
Schluessel	Gürteltier
Schlüssel	Guerteltier
Schlüssel	Gürteltier
Schlueßel	Guerteltier
Schlueßel	Gürteltier
Schlüßel	Guerteltier
Schlüßel	Gürteltier
Schluessel	Stuhl
Schlüssel	Stuhl
Schlueßel	Stuhl
Schlüßel	Stuhl
Schluessel	Flagge
Schlüssel	Flagge
Schlueßel	Flagge
Schlüßel	Flagge
Schluessel	Pavian
Schlüssel	Pavian
Schlueßel	Pavian
Schlüßel	Pavian
Schluessel	Elefant
Schlüssel	Elefant
Schlueßel	Elefant
Schlüßel	Elefant
Schluessel	Pfeffer
Schlüssel	Pfeffer
Schlueßel	Pfeffer
Schlüßel	Pfeffer
Schluessel	Aubergine
Schlüssel	Aubergine
Schlueßel	Aubergine
Schlüßel	Aubergine
Schluessel	Zeigen
Schlüssel	Zeigen
Schlueßel	Zeigen
Schlüßel	Zeigen
Schluessel	Schimpanse
Schlüssel	Schimpanse
Schlueßel	Schimpanse
Schlüßel	Schimpanse
Schluessel	Hund
Schlüssel	Hund
Schlueßel	Hund
Schlüßel	Hund
Schluessel	Hund
Schlüssel	Hund
Schlueßel	Hund
Schlüßel	Hund
Schluessel	Kuh
Schlüssel	Kuh
Schlueßel	Kuh
Schlüßel	Kuh
Schluessel	Giraffe
Schlüssel	Giraffe
Schlueßel	Giraffe
Schlüßel	Giraffe
Schluessel	Arbeiter
Schlüssel	Arbeiter
Schlueßel	Arbeiter
Schlüßel	Arbeiter
Schluessel	Affe
Schlüssel	Affe
Schlueßel	Affe
Schlüßel	Affe
Schluessel	Affe
Schlüssel	Affe
Schlueßel	Affe
Schlüßel	Affe
Schluessel	Auge
Schlüssel	Auge
Schlueßel	Auge
Schlüßel	Auge
Tänzerin	Eidechse
Taenzerin	Eidechse
Tänzerin	Banane
Taenzerin	Banane
Tänzerin	Hand
Taenzerin	Hand
Tänzerin	Kartoffel
Taenzerin	Kartoffel
Tänzerin	Hammer
Taenzerin	Hammer
Tänzerin	Schimpanse
Taenzerin	Schimpanse
Tänzerin	Chili
Taenzerin	Chili
Tänzerin	Ananas
Taenzerin	Ananas
Tänzerin	Pavian
Taenzerin	Pavian
Tänzerin	Knoblauch
Taenzerin	Knoblauch
Tänzerin	Haar
Taenzerin	Haar
Tänzerin	Tänzerin
Tänzerin	Taenzerin
Taenzerin	Tänzerin
Taenzerin	Taenzerin
Tänzerin	Birne
Taenzerin	Birne
Tänzerin	Finger
Taenzerin	Finger
Tänzerin	Ohr
Taenzerin	Ohr
Tänzerin	Schaf
Taenzerin	Schaf
Tänzerin	Kamel
Taenzerin	Kamel
Tänzerin	Pistole
Taenzerin	Pistole
Tänzerin	Strauss
Tänzerin	Strauß
Taenzerin	Strauss
Taenzerin	Strauß
Tänzerin	Zebra
Taenzerin	Zebra
Tänzerin	Ziege
Taenzerin	Ziege
Tänzerin	Loewe
Tänzerin	Löwe
Taenzerin	Loewe
Taenzerin	Löwe
Tänzerin	Schnuller
Taenzerin	Schnuller
Tänzerin	Hand
Taenzerin	Hand
Tänzerin	Kopfsalat
Taenzerin	Kopfsalat
Tänzerin	Zucchini
Taenzerin	Zucchini
Tänzerin	Schluessel
Tänzerin	Schlüssel
Tänzerin	Schlueßel
Tänzerin	Schlüßel
Taenzerin	Schluessel
Taenzerin	Schlüssel
Taenzerin	Schlueßel
Taenzerin	Schlüßel
Tänzerin	Birne
Taenzerin	Birne
Tänzerin	Telefon
Taenzerin	Telefon
Tänzerin	Traube
Taenzerin	Traube
Tänzerin	Frosch
Taenzerin	Frosch
Tänzerin	Regenschirm
Taenzerin	Regenschirm
Tänzerin	Kaßette
Tänzerin	Kassette
Taenzerin	Kaßette
Taenzerin	Kassette
Tänzerin	Schlange
Taenzerin	Schlange
Tänzerin	Faust
Taenzerin	Faust
Tänzerin	Zange
Taenzerin	Zange
Tänzerin	Koch
Taenzerin	Koch
Tänzerin	Wolf
Taenzerin	Wolf
Tänzerin	Rettich
Taenzerin	Rettich
Tänzerin	Affe
Taenzerin	Affe
Tänzerin	Schlange
Taenzerin	Schlange
Tänzerin	Guerteltier
Tänzerin	Gürteltier
Taenzerin	Guerteltier
Taenzerin	Gürteltier
Tänzerin	Stuhl
Taenzerin	Stuhl
Tänzerin	Flagge
Taenzerin	Flagge
Tänzerin	Pavian
Taenzerin	Pavian
Tänzerin	Elefant
Taenzerin	Elefant
Tänzerin	Pfeffer
Taenzerin	Pfeffer
Tänzerin	Aubergine
Taenzerin	Aubergine
Tänzerin	Zeigen
Taenzerin	Zeigen
Tänzerin	Schimpanse
Taenzerin	Schimpanse
Tänzerin	Hund
Taenzerin	Hund
Tänzerin	Hund
Taenzerin	Hund
Tänzerin	Kuh
Taenzerin	Kuh
Tänzerin	Giraffe
Taenzerin	Giraffe
Tänzerin	Arbeiter
Taenzerin	Arbeiter
Tänzerin	Affe
Taenzerin	Affe
Tänzerin	Affe
Taenzerin	Affe
Tänzerin	Auge
Taenzerin	Auge
Birne	Eidechse
Birne	Banane
Birne	Hand
Birne	Kartoffel
Birne	Hammer
Birne	Schimpanse
Birne	Chili
Birne	Ananas
Birne	Pavian
Birne	Knoblauch
Birne	Haar
Birne	Tänzerin
Birne	Taenzerin
Birne	Birne
Birne	Finger
Birne	Ohr
Birne	Schaf
Birne	Kamel
Birne	Pistole
Birne	Strauss
Birne	Strauß
Birne	Zebra
Birne	Ziege
Birne	Loewe
Birne	Löwe
Birne	Schnuller
Birne	Hand
Birne	Kopfsalat
Birne	Zucchini
Birne	Schluessel
Birne	Schlüssel
Birne	Schlueßel
Birne	Schlüßel
Birne	Tänzerin
Birne	Taenzerin
Birne	Telefon
Birne	Traube
Birne	Frosch
Birne	Regenschirm
Birne	Kaßette
Birne	Kassette
Birne	Schlange
Birne	Faust
Birne	Zange
Birne	Koch
Birne	Wolf
Birne	Rettich
Birne	Affe
Birne	Schlange
Birne	Guerteltier
Birne	Gürteltier
Birne	Stuhl
Birne	Flagge
Birne	Pavian
Birne	Elefant
Birne	Pfeffer
Birne	Aubergine
Birne	Zeigen
Birne	Schimpanse
Birne	Hund
Birne	Hund
Birne	Kuh
Birne	Giraffe
Birne	Arbeiter
Birne	Affe
Birne	Affe
Birne	Auge
Telefon	Eidechse
Telefon	Banane
Telefon	Hand
Telefon	Kartoffel
Telefon	Hammer
Telefon	Schimpanse
Telefon	Chili
Telefon	Ananas
Telefon	Pavian
Telefon	Knoblauch
Telefon	Haar
Telefon	Tänzerin
Telefon	Taenzerin
Telefon	Birne
Telefon	Finger
Telefon	Ohr
Telefon	Schaf
Telefon	Kamel
Telefon	Pistole
Telefon	Strauss
Telefon	Strauß
Telefon	Zebra
Telefon	Ziege
Telefon	Loewe
Telefon	Löwe
Telefon	Schnuller
Telefon	Hand
Telefon	Kopfsalat
Telefon	Zucchini
Telefon	Schluessel
Telefon	Schlüssel
Telefon	Schlueßel
Telefon	Schlüßel
Telefon	Tänzerin
Telefon	Taenzerin
Telefon	Birne
Telefon	Traube
Telefon	Frosch
Telefon	Regenschirm
Telefon	Kaßette
Telefon	Kassette
Telefon	Schlange
Telefon	Faust
Telefon	Zange
Telefon	Koch
Telefon	Wolf
Telefon	Rettich
Telefon	Affe
Telefon	Schlange
Telefon	Guerteltier
Telefon	Gürteltier
Telefon	Stuhl
Telefon	Flagge
Telefon	Pavian
Telefon	Elefant
Telefon	Pfeffer
Telefon	Aubergine
Telefon	Zeigen
Telefon	Schimpanse
Telefon	Hund
Telefon	Hund
Telefon	Kuh
Telefon	Giraffe
Telefon	Arbeiter
Telefon	Affe
Telefon	Affe
Telefon	Auge
Traube	Eidechse
Traube	Banane
Traube	Hand
Traube	Kartoffel
Traube	Hammer
Traube	Schimpanse
Traube	Chili
Traube	Ananas
Traube	Pavian
Traube	Knoblauch
Traube	Haar
Traube	Tänzerin
Traube	Taenzerin
Traube	Birne
Traube	Finger
Traube	Ohr
Traube	Schaf
Traube	Kamel
Traube	Pistole
Traube	Strauss
Traube	Strauß
Traube	Zebra
Traube	Ziege
Traube	Loewe
Traube	Löwe
Traube	Schnuller
Traube	Hand
Traube	Kopfsalat
Traube	Zucchini
Traube	Schluessel
Traube	Schlüssel
Traube	Schlueßel
Traube	Schlüßel
Traube	Tänzerin
Traube	Taenzerin
Traube	Birne
Traube	Telefon
Traube	Frosch
Traube	Regenschirm
Traube	Kaßette
Traube	Kassette
Traube	Schlange
Traube	Faust
Traube	Zange
Traube	Koch
Traube	Wolf
Traube	Rettich
Traube	Affe
Traube	Schlange
Traube	Guerteltier
Traube	Gürteltier
Traube	Stuhl
Traube	Flagge
Traube	Pavian
Traube	Elefant
Traube	Pfeffer
Traube	Aubergine
Traube	Zeigen
Traube	Schimpanse
Traube	Hund
Traube	Hund
Traube	Kuh
Traube	Giraffe
Traube	Arbeiter
Traube	Affe
Traube	Affe
Traube	Auge
Frosch	Eidechse
Frosch	Banane
Frosch	Hand
Frosch	Kartoffel
Frosch	Hammer
Frosch	Schimpanse
Frosch	Chili
Frosch	Ananas
Frosch	Pavian
Frosch	Knoblauch
Frosch	Haar
Frosch	Tänzerin
Frosch	Taenzerin
Frosch	Birne
Frosch	Finger
Frosch	Ohr
Frosch	Schaf
Frosch	Kamel
Frosch	Pistole
Frosch	Strauss
Frosch	Strauß
Frosch	Zebra
Frosch	Ziege
Frosch	Loewe
Frosch	Löwe
Frosch	Schnuller
Frosch	Hand
Frosch	Kopfsalat
Frosch	Zucchini
Frosch	Schluessel
Frosch	Schlüssel
Frosch	Schlueßel
Frosch	Schlüßel
Frosch	Tänzerin
Frosch	Taenzerin
Frosch	Birne
Frosch	Telefon
Frosch	Traube
Frosch	Regenschirm
Frosch	Kaßette
Frosch	Kassette
Frosch	Schlange
Frosch	Faust
Frosch	Zange
Frosch	Koch
Frosch	Wolf
Frosch	Rettich
Frosch	Affe
Frosch	Schlange
Frosch	Guerteltier
Frosch	Gürteltier
Frosch	Stuhl
Frosch	Flagge
Frosch	Pavian
Frosch	Elefant
Frosch	Pfeffer
Frosch	Aubergine
Frosch	Zeigen
Frosch	Schimpanse
Frosch	Hund
Frosch	Hund
Frosch	Kuh
Frosch	Giraffe
Frosch	Arbeiter
Frosch	Affe
Frosch	Affe
Frosch	Auge
Regenschirm	Eidechse
Regenschirm	Banane
Regenschirm	Hand
Regenschirm	Kartoffel
Regenschirm	Hammer
Regenschirm	Schimpanse
Regenschirm	Chili
Regenschirm	Ananas
Regenschirm	Pavian
Regenschirm	Knoblauch
Regenschirm	Haar
Regenschirm	Tänzerin
Regenschirm	Taenzerin
Regenschirm	Birne
Regenschirm	Finger
Regenschirm	Ohr
Regenschirm	Schaf
Regenschirm	Kamel
Regenschirm	Pistole
Regenschirm	Strauss
Regenschirm	Strauß
Regenschirm	Zebra
Regenschirm	Ziege
Regenschirm	Loewe
Regenschirm	Löwe
Regenschirm	Schnuller
Regenschirm	Hand
Regenschirm	Kopfsalat
Regenschirm	Zucchini
Regenschirm	Schluessel
Regenschirm	Schlüssel
Regenschirm	Schlueßel
Regenschirm	Schlüßel
Regenschirm	Tänzerin
Regenschirm	Taenzerin
Regenschirm	Birne
Regenschirm	Telefon
Regenschirm	Traube
Regenschirm	Frosch
Regenschirm	Kaßette
Regenschirm	Kassette
Regenschirm	Schlange
Regenschirm	Faust
Regenschirm	Zange
Regenschirm	Koch
Regenschirm	Wolf
Regenschirm	Rettich
Regenschirm	Affe
Regenschirm	Schlange
Regenschirm	Guerteltier
Regenschirm	Gürteltier
Regenschirm	Stuhl
Regenschirm	Flagge
Regenschirm	Pavian
Regenschirm	Elefant
Regenschirm	Pfeffer
Regenschirm	Aubergine
Regenschirm	Zeigen
Regenschirm	Schimpanse
Regenschirm	Hund
Regenschirm	Hund
Regenschirm	Kuh
Regenschirm	Giraffe
Regenschirm	Arbeiter
Regenschirm	Affe
Regenschirm	Affe
Regenschirm	Auge
Kaßette	Eidechse
Kassette	Eidechse
Kaßette	Banane
Kassette	Banane
Kaßette	Hand
Kassette	Hand
Kaßette	Kartoffel
Kassette	Kartoffel
Kaßette	Hammer
Kassette	Hammer
Kaßette	Schimpanse
Kassette	Schimpanse
Kaßette	Chili
Kassette	Chili
Kaßette	Ananas
Kassette	Ananas
Kaßette	Pavian
Kassette	Pavian
Kaßette	Knoblauch
Kassette	Knoblauch
Kaßette	Haar
Kassette	Haar
Kaßette	Tänzerin
Kaßette	Taenzerin
Kassette	Tänzerin
Kassette	Taenzerin
Kaßette	Birne
Kassette	Birne
Kaßette	Finger
Kassette	Finger
Kaßette	Ohr
Kassette	Ohr
Kaßette	Schaf
Kassette	Schaf
Kaßette	Kamel
Kassette	Kamel
Kaßette	Pistole
Kassette	Pistole
Kaßette	Strauss
Kaßette	Strauß
Kassette	Strauss
Kassette	Strauß
Kaßette	Zebra
Kassette	Zebra
Kaßette	Ziege
Kassette	Ziege
Kaßette	Loewe
Kaßette	Löwe
Kassette	Loewe
Kassette	Löwe
Kaßette	Schnuller
Kassette	Schnuller
Kaßette	Hand
Kassette	Hand
Kaßette	Kopfsalat
Kassette	Kopfsalat
Kaßette	Zucchini
Kassette	Zucchini
Kaßette	Schluessel
Kaßette	Schlüssel
Kaßette	Schlueßel
Kaßette	Schlüßel
Kassette	Schluessel
Kassette	Schlüssel
Kassette	Schlueßel
Kassette	Schlüßel
Kaßette	Tänzerin
Kaßette	Taenzerin
Kassette	Tänzerin
Kassette	Taenzerin
Kaßette	Birne
Kassette	Birne
Kaßette	Telefon
Kassette	Telefon
Kaßette	Traube
Kassette	Traube
Kaßette	Frosch
Kassette	Frosch
Kaßette	Regenschirm
Kassette	Regenschirm
Kaßette	Schlange
Kassette	Schlange
Kaßette	Faust
Kassette	Faust
Kaßette	Zange
Kassette	Zange
Kaßette	Koch
Kassette	Koch
Kaßette	Wolf
Kassette	Wolf
Kaßette	Rettich
Kassette	Rettich
Kaßette	Affe
Kassette	Affe
Kaßette	Schlange
Kassette	Schlange
Kaßette	Guerteltier
Kaßette	Gürteltier
Kassette	Guerteltier
Kassette	Gürteltier
Kaßette	Stuhl
Kassette	Stuhl
Kaßette	Flagge
Kassette	Flagge
Kaßette	Pavian
Kassette	Pavian
Kaßette	Elefant
Kassette	Elefant
Kaßette	Pfeffer
Kassette	Pfeffer
Kaßette	Aubergine
Kassette	Aubergine
Kaßette	Zeigen
Kassette	Zeigen
Kaßette	Schimpanse
Kassette	Schimpanse
Kaßette	Hund
Kassette	Hund
Kaßette	Hund
Kassette	Hund
Kaßette	Kuh
Kassette	Kuh
Kaßette	Giraffe
Kassette	Giraffe
Kaßette	Arbeiter
Kassette	Arbeiter
Kaßette	Affe
Kassette	Affe
Kaßette	Affe
Kassette	Affe
Kaßette	Auge
Kassette	Auge
Schlange	Eidechse
Schlange	Banane
Schlange	Hand
Schlange	Kartoffel
Schlange	Hammer
Schlange	Schimpanse
Schlange	Chili
Schlange	Ananas
Schlange	Pavian
Schlange	Knoblauch
Schlange	Haar
Schlange	Tänzerin
Schlange	Taenzerin
Schlange	Birne
Schlange	Finger
Schlange	Ohr
Schlange	Schaf
Schlange	Kamel
Schlange	Pistole
Schlange	Strauss
Schlange	Strauß
Schlange	Zebra
Schlange	Ziege
Schlange	Loewe
Schlange	Löwe
Schlange	Schnuller
Schlange	Hand
Schlange	Kopfsalat
Schlange	Zucchini
Schlange	Schluessel
Schlange	Schlüssel
Schlange	Schlueßel
Schlange	Schlüßel
Schlange	Tänzerin
Schlange	Taenzerin
Schlange	Birne
Schlange	Telefon
Schlange	Traube
Schlange	Frosch
Schlange	Regenschirm
Schlange	Kaßette
Schlange	Kassette
Schlange	Faust
Schlange	Zange
Schlange	Koch
Schlange	Wolf
Schlange	Rettich
Schlange	Affe
Schlange	Schlange
Schlange	Guerteltier
Schlange	Gürteltier
Schlange	Stuhl
Schlange	Flagge
Schlange	Pavian
Schlange	Elefant
Schlange	Pfeffer
Schlange	Aubergine
Schlange	Zeigen
Schlange	Schimpanse
Schlange	Hund
Schlange	Hund
Schlange	Kuh
Schlange	Giraffe
Schlange	Arbeiter
Schlange	Affe
Schlange	Affe
Schlange	Auge
Faust	Eidechse
Faust	Banane
Faust	Hand
Faust	Kartoffel
Faust	Hammer
Faust	Schimpanse
Faust	Chili
Faust	Ananas
Faust	Pavian
Faust	Knoblauch
Faust	Haar
Faust	Tänzerin
Faust	Taenzerin
Faust	Birne
Faust	Finger
Faust	Ohr
Faust	Schaf
Faust	Kamel
Faust	Pistole
Faust	Strauss
Faust	Strauß
Faust	Zebra
Faust	Ziege
Faust	Loewe
Faust	Löwe
Faust	Schnuller
Faust	Hand
Faust	Kopfsalat
Faust	Zucchini
Faust	Schluessel
Faust	Schlüssel
Faust	Schlueßel
Faust	Schlüßel
Faust	Tänzerin
Faust	Taenzerin
Faust	Birne
Faust	Telefon
Faust	Traube
Faust	Frosch
Faust	Regenschirm
Faust	Kaßette
Faust	Kassette
Faust	Schlange
Faust	Zange
Faust	Koch
Faust	Wolf
Faust	Rettich
Faust	Affe
Faust	Schlange
Faust	Guerteltier
Faust	Gürteltier
Faust	Stuhl
Faust	Flagge
Faust	Pavian
Faust	Elefant
Faust	Pfeffer
Faust	Aubergine
Faust	Zeigen
Faust	Schimpanse
Faust	Hund
Faust	Hund
Faust	Kuh
Faust	Giraffe
Faust	Arbeiter
Faust	Affe
Faust	Affe
Faust	Auge
Zange	Eidechse
Zange	Banane
Zange	Hand
Zange	Kartoffel
Zange	Hammer
Zange	Schimpanse
Zange	Chili
Zange	Ananas
Zange	Pavian
Zange	Knoblauch
Zange	Haar
Zange	Tänzerin
Zange	Taenzerin
Zange	Birne
Zange	Finger
Zange	Ohr
Zange	Schaf
Zange	Kamel
Zange	Pistole
Zange	Strauss
Zange	Strauß
Zange	Zebra
Zange	Ziege
Zange	Loewe
Zange	Löwe
Zange	Schnuller
Zange	Hand
Zange	Kopfsalat
Zange	Zucchini
Zange	Schluessel
Zange	Schlüssel
Zange	Schlueßel
Zange	Schlüßel
Zange	Tänzerin
Zange	Taenzerin
Zange	Birne
Zange	Telefon
Zange	Traube
Zange	Frosch
Zange	Regenschirm
Zange	Kaßette
Zange	Kassette
Zange	Schlange
Zange	Faust
Zange	Koch
Zange	Wolf
Zange	Rettich
Zange	Affe
Zange	Schlange
Zange	Guerteltier
Zange	Gürteltier
Zange	Stuhl
Zange	Flagge
Zange	Pavian
Zange	Elefant
Zange	Pfeffer
Zange	Aubergine
Zange	Zeigen
Zange	Schimpanse
Zange	Hund
Zange	Hund
Zange	Kuh
Zange	Giraffe
Zange	Arbeiter
Zange	Affe
Zange	Affe
Zange	Auge
Koch	Eidechse
Koch	Banane
Koch	Hand
Koch	Kartoffel
Koch	Hammer
Koch	Schimpanse
Koch	Chili
Koch	Ananas
Koch	Pavian
Koch	Knoblauch
Koch	Haar
Koch	Tänzerin
Koch	Taenzerin
Koch	Birne
Koch	Finger
Koch	Ohr
Koch	Schaf
Koch	Kamel
Koch	Pistole
Koch	Strauss
Koch	Strauß
Koch	Zebra
Koch	Ziege
Koch	Loewe
Koch	Löwe
Koch	Schnuller
Koch	Hand
Koch	Kopfsalat
Koch	Zucchini
Koch	Schluessel
Koch	Schlüssel
Koch	Schlueßel
Koch	Schlüßel
Koch	Tänzerin
Koch	Taenzerin
Koch	Birne
Koch	Telefon
Koch	Traube
Koch	Frosch
Koch	Regenschirm
Koch	Kaßette
Koch	Kassette
Koch	Schlange
Koch	Faust
Koch	Zange
Koch	Wolf
Koch	Rettich
Koch	Affe
Koch	Schlange
Koch	Guerteltier
Koch	Gürteltier
Koch	Stuhl
Koch	Flagge
Koch	Pavian
Koch	Elefant
Koch	Pfeffer
Koch	Aubergine
Koch	Zeigen
Koch	Schimpanse
Koch	Hund
Koch	Hund
Koch	Kuh
Koch	Giraffe
Koch	Arbeiter
Koch	Affe
Koch	Affe
Koch	Auge
Wolf	Eidechse
Wolf	Banane
Wolf	Hand
Wolf	Kartoffel
Wolf	Hammer
Wolf	Schimpanse
Wolf	Chili
Wolf	Ananas
Wolf	Pavian
Wolf	Knoblauch
Wolf	Haar
Wolf	Tänzerin
Wolf	Taenzerin
Wolf	Birne
Wolf	Finger
Wolf	Ohr
Wolf	Schaf
Wolf	Kamel
Wolf	Pistole
Wolf	Strauss
Wolf	Strauß
Wolf	Zebra
Wolf	Ziege
Wolf	Loewe
Wolf	Löwe
Wolf	Schnuller
Wolf	Hand
Wolf	Kopfsalat
Wolf	Zucchini
Wolf	Schluessel
Wolf	Schlüssel
Wolf	Schlueßel
Wolf	Schlüßel
Wolf	Tänzerin
Wolf	Taenzerin
Wolf	Birne
Wolf	Telefon
Wolf	Traube
Wolf	Frosch
Wolf	Regenschirm
Wolf	Kaßette
Wolf	Kassette
Wolf	Schlange
Wolf	Faust
Wolf	Zange
Wolf	Koch
Wolf	Rettich
Wolf	Affe
Wolf	Schlange
Wolf	Guerteltier
Wolf	Gürteltier
Wolf	Stuhl
Wolf	Flagge
Wolf	Pavian
Wolf	Elefant
Wolf	Pfeffer
Wolf	Aubergine
Wolf	Zeigen
Wolf	Schimpanse
Wolf	Hund
Wolf	Hund
Wolf	Kuh
Wolf	Giraffe
Wolf	Arbeiter
Wolf	Affe
Wolf	Affe
Wolf	Auge
Rettich	Eidechse
Rettich	Banane
Rettich	Hand
Rettich	Kartoffel
Rettich	Hammer
Rettich	Schimpanse
Rettich	Chili
Rettich	Ananas
Rettich	Pavian
Rettich	Knoblauch
Rettich	Haar
Rettich	Tänzerin
Rettich	Taenzerin
Rettich	Birne
Rettich	Finger
Rettich	Ohr
Rettich	Schaf
Rettich	Kamel
Rettich	Pistole
Rettich	Strauss
Rettich	Strauß
Rettich	Zebra
Rettich	Ziege
Rettich	Loewe
Rettich	Löwe
Rettich	Schnuller
Rettich	Hand
Rettich	Kopfsalat
Rettich	Zucchini
Rettich	Schluessel
Rettich	Schlüssel
Rettich	Schlueßel
Rettich	Schlüßel
Rettich	Tänzerin
Rettich	Taenzerin
Rettich	Birne
Rettich	Telefon
Rettich	Traube
Rettich	Frosch
Rettich	Regenschirm
Rettich	Kaßette
Rettich	Kassette
Rettich	Schlange
Rettich	Faust
Rettich	Zange
Rettich	Koch
Rettich	Wolf
Rettich	Affe
Rettich	Schlange
Rettich	Guerteltier
Rettich	Gürteltier
Rettich	Stuhl
Rettich	Flagge
Rettich	Pavian
Rettich	Elefant
Rettich	Pfeffer
Rettich	Aubergine
Rettich	Zeigen
Rettich	Schimpanse
Rettich	Hund
Rettich	Hund
Rettich	Kuh
Rettich	Giraffe
Rettich	Arbeiter
Rettich	Affe
Rettich	Affe
Rettich	Auge
Affe	Eidechse
Affe	Banane
Affe	Hand
Affe	Kartoffel
Affe	Hammer
Affe	Schimpanse
Affe	Chili
Affe	Ananas
Affe	Pavian
Affe	Knoblauch
Affe	Haar
Affe	Tänzerin
Affe	Taenzerin
Affe	Birne
Affe	Finger
Affe	Ohr
Affe	Schaf
Affe	Kamel
Affe	Pistole
Affe	Strauss
Affe	Strauß
Affe	Zebra
Affe	Ziege
Affe	Loewe
Affe	Löwe
Affe	Schnuller
Affe	Hand
Affe	Kopfsalat
Affe	Zucchini
Affe	Schluessel
Affe	Schlüssel
Affe	Schlueßel
Affe	Schlüßel
Affe	Tänzerin
Affe	Taenzerin
Affe	Birne
Affe	Telefon
Affe	Traube
Affe	Frosch
Affe	Regenschirm
Affe	Kaßette
Affe	Kassette
Affe	Schlange
Affe	Faust
Affe	Zange
Affe	Koch
Affe	Wolf
Affe	Rettich
Affe	Schlange
Affe	Guerteltier
Affe	Gürteltier
Affe	Stuhl
Affe	Flagge
Affe	Pavian
Affe	Elefant
Affe	Pfeffer
Affe	Aubergine
Affe	Zeigen
Affe	Schimpanse
Affe	Hund
Affe	Hund
Affe	Kuh
Affe	Giraffe
Affe	Arbeiter
Affe	Affe
Affe	Affe
Affe	Auge
Schlange	Eidechse
Schlange	Banane
Schlange	Hand
Schlange	Kartoffel
Schlange	Hammer
Schlange	Schimpanse
Schlange	Chili
Schlange	Ananas
Schlange	Pavian
Schlange	Knoblauch
Schlange	Haar
Schlange	Tänzerin
Schlange	Taenzerin
Schlange	Birne
Schlange	Finger
Schlange	Ohr
Schlange	Schaf
Schlange	Kamel
Schlange	Pistole
Schlange	Strauss
Schlange	Strauß
Schlange	Zebra
Schlange	Ziege
Schlange	Loewe
Schlange	Löwe
Schlange	Schnuller
Schlange	Hand
Schlange	Kopfsalat
Schlange	Zucchini
Schlange	Schluessel
Schlange	Schlüssel
Schlange	Schlueßel
Schlange	Schlüßel
Schlange	Tänzerin
Schlange	Taenzerin
Schlange	Birne
Schlange	Telefon
Schlange	Traube
Schlange	Frosch
Schlange	Regenschirm
Schlange	Kaßette
Schlange	Kassette
Schlange	Schlange
Schlange	Faust
Schlange	Zange
Schlange	Koch
Schlange	Wolf
Schlange	Rettich
Schlange	Affe
Schlange	Guerteltier
Schlange	Gürteltier
Schlange	Stuhl
Schlange	Flagge
Schlange	Pavian
Schlange	Elefant
Schlange	Pfeffer
Schlange	Aubergine
Schlange	Zeigen
Schlange	Schimpanse
Schlange	Hund
Schlange	Hund
Schlange	Kuh
Schlange	Giraffe
Schlange	Arbeiter
Schlange	Affe
Schlange	Affe
Schlange	Auge
Guerteltier	Eidechse
Gürteltier	Eidechse
Guerteltier	Banane
Gürteltier	Banane
Guerteltier	Hand
Gürteltier	Hand
Guerteltier	Kartoffel
Gürteltier	Kartoffel
Guerteltier	Hammer
Gürteltier	Hammer
Guerteltier	Schimpanse
Gürteltier	Schimpanse
Guerteltier	Chili
Gürteltier	Chili
Guerteltier	Ananas
Gürteltier	Ananas
Guerteltier	Pavian
Gürteltier	Pavian
Guerteltier	Knoblauch
Gürteltier	Knoblauch
Guerteltier	Haar
Gürteltier	Haar
Guerteltier	Tänzerin
Guerteltier	Taenzerin
Gürteltier	Tänzerin
Gürteltier	Taenzerin
Guerteltier	Birne
Gürteltier	Birne
Guerteltier	Finger
Gürteltier	Finger
Guerteltier	Ohr
Gürteltier	Ohr
Guerteltier	Schaf
Gürteltier	Schaf
Guerteltier	Kamel
Gürteltier	Kamel
Guerteltier	Pistole
Gürteltier	Pistole
Guerteltier	Strauss
Guerteltier	Strauß
Gürteltier	Strauss
Gürteltier	Strauß
Guerteltier	Zebra
Gürteltier	Zebra
Guerteltier	Ziege
Gürteltier	Ziege
Guerteltier	Loewe
Guerteltier	Löwe
Gürteltier	Loewe
Gürteltier	Löwe
Guerteltier	Schnuller
Gürteltier	Schnuller
Guerteltier	Hand
Gürteltier	Hand
Guerteltier	Kopfsalat
Gürteltier	Kopfsalat
Guerteltier	Zucchini
Gürteltier	Zucchini
Guerteltier	Schluessel
Guerteltier	Schlüssel
Guerteltier	Schlueßel
Guerteltier	Schlüßel
Gürteltier	Schluessel
Gürteltier	Schlüssel
Gürteltier	Schlueßel
Gürteltier	Schlüßel
Guerteltier	Tänzerin
Guerteltier	Taenzerin
Gürteltier	Tänzerin
Gürteltier	Taenzerin
Guerteltier	Birne
Gürteltier	Birne
Guerteltier	Telefon
Gürteltier	Telefon
Guerteltier	Traube
Gürteltier	Traube
Guerteltier	Frosch
Gürteltier	Frosch
Guerteltier	Regenschirm
Gürteltier	Regenschirm
Guerteltier	Kaßette
Guerteltier	Kassette
Gürteltier	Kaßette
Gürteltier	Kassette
Guerteltier	Schlange
Gürteltier	Schlange
Guerteltier	Faust
Gürteltier	Faust
Guerteltier	Zange
Gürteltier	Zange
Guerteltier	Koch
Gürteltier	Koch
Guerteltier	Wolf
Gürteltier	Wolf
Guerteltier	Rettich
Gürteltier	Rettich
Guerteltier	Affe
Gürteltier	Affe
Guerteltier	Schlange
Gürteltier	Schlange
Guerteltier	Stuhl
Gürteltier	Stuhl
Guerteltier	Flagge
Gürteltier	Flagge
Guerteltier	Pavian
Gürteltier	Pavian
Guerteltier	Elefant
Gürteltier	Elefant
Guerteltier	Pfeffer
Gürteltier	Pfeffer
Guerteltier	Aubergine
Gürteltier	Aubergine
Guerteltier	Zeigen
Gürteltier	Zeigen
Guerteltier	Schimpanse
Gürteltier	Schimpanse
Guerteltier	Hund
Gürteltier	Hund
Guerteltier	Hund
Gürteltier	Hund
Guerteltier	Kuh
Gürteltier	Kuh
Guerteltier	Giraffe
Gürteltier	Giraffe
Guerteltier	Arbeiter
Gürteltier	Arbeiter
Guerteltier	Affe
Gürteltier	Affe
Guerteltier	Affe
Gürteltier	Affe
Guerteltier	Auge
Gürteltier	Auge
Stuhl	Eidechse
Stuhl	Banane
Stuhl	Hand
Stuhl	Kartoffel
Stuhl	Hammer
Stuhl	Schimpanse
Stuhl	Chili
Stuhl	Ananas
Stuhl	Pavian
Stuhl	Knoblauch
Stuhl	Haar
Stuhl	Tänzerin
Stuhl	Taenzerin
Stuhl	Birne
Stuhl	Finger
Stuhl	Ohr
Stuhl	Schaf
Stuhl	Kamel
Stuhl	Pistole
Stuhl	Strauss
Stuhl	Strauß
Stuhl	Zebra
Stuhl	Ziege
Stuhl	Loewe
Stuhl	Löwe
Stuhl	Schnuller
Stuhl	Hand
Stuhl	Kopfsalat
Stuhl	Zucchini
Stuhl	Schluessel
Stuhl	Schlüssel
Stuhl	Schlueßel
Stuhl	Schlüßel
Stuhl	Tänzerin
Stuhl	Taenzerin
Stuhl	Birne
Stuhl	Telefon
Stuhl	Traube
Stuhl	Frosch
Stuhl	Regenschirm
Stuhl	Kaßette
Stuhl	Kassette
Stuhl	Schlange
Stuhl	Faust
Stuhl	Zange
Stuhl	Koch
Stuhl	Wolf
Stuhl	Rettich
Stuhl	Affe
Stuhl	Schlange
Stuhl	Guerteltier
Stuhl	Gürteltier
Stuhl	Flagge
Stuhl	Pavian
Stuhl	Elefant
Stuhl	Pfeffer
Stuhl	Aubergine
Stuhl	Zeigen
Stuhl	Schimpanse
Stuhl	Hund
Stuhl	Hund
Stuhl	Kuh
Stuhl	Giraffe
Stuhl	Arbeiter
Stuhl	Affe
Stuhl	Affe
Stuhl	Auge
Flagge	Eidechse
Flagge	Banane
Flagge	Hand
Flagge	Kartoffel
Flagge	Hammer
Flagge	Schimpanse
Flagge	Chili
Flagge	Ananas
Flagge	Pavian
Flagge	Knoblauch
Flagge	Haar
Flagge	Tänzerin
Flagge	Taenzerin
Flagge	Birne
Flagge	Finger
Flagge	Ohr
Flagge	Schaf
Flagge	Kamel
Flagge	Pistole
Flagge	Strauss
Flagge	Strauß
Flagge	Zebra
Flagge	Ziege
Flagge	Loewe
Flagge	Löwe
Flagge	Schnuller
Flagge	Hand
Flagge	Kopfsalat
Flagge	Zucchini
Flagge	Schluessel
Flagge	Schlüssel
Flagge	Schlueßel
Flagge	Schlüßel
Flagge	Tänzerin
Flagge	Taenzerin
Flagge	Birne
Flagge	Telefon
Flagge	Traube
Flagge	Frosch
Flagge	Regenschirm
Flagge	Kaßette
Flagge	Kassette
Flagge	Schlange
Flagge	Faust
Flagge	Zange
Flagge	Koch
Flagge	Wolf
Flagge	Rettich
Flagge	Affe
Flagge	Schlange
Flagge	Guerteltier
Flagge	Gürteltier
Flagge	Stuhl
Flagge	Pavian
Flagge	Elefant
Flagge	Pfeffer
Flagge	Aubergine
Flagge	Zeigen
Flagge	Schimpanse
Flagge	Hund
Flagge	Hund
Flagge	Kuh
Flagge	Giraffe
Flagge	Arbeiter
Flagge	Affe
Flagge	Affe
Flagge	Auge
Pavian	Eidechse
Pavian	Banane
Pavian	Hand
Pavian	Kartoffel
Pavian	Hammer
Pavian	Schimpanse
Pavian	Chili
Pavian	Ananas
Pavian	Pavian
Pavian	Knoblauch
Pavian	Haar
Pavian	Tänzerin
Pavian	Taenzerin
Pavian	Birne
Pavian	Finger
Pavian	Ohr
Pavian	Schaf
Pavian	Kamel
Pavian	Pistole
Pavian	Strauss
Pavian	Strauß
Pavian	Zebra
Pavian	Ziege
Pavian	Loewe
Pavian	Löwe
Pavian	Schnuller
Pavian	Hand
Pavian	Kopfsalat
Pavian	Zucchini
Pavian	Schluessel
Pavian	Schlüssel
Pavian	Schlueßel
Pavian	Schlüßel
Pavian	Tänzerin
Pavian	Taenzerin
Pavian	Birne
Pavian	Telefon
Pavian	Traube
Pavian	Frosch
Pavian	Regenschirm
Pavian	Kaßette
Pavian	Kassette
Pavian	Schlange
Pavian	Faust
Pavian	Zange
Pavian	Koch
Pavian	Wolf
Pavian	Rettich
Pavian	Affe
Pavian	Schlange
Pavian	Guerteltier
Pavian	Gürteltier
Pavian	Stuhl
Pavian	Flagge
Pavian	Elefant
Pavian	Pfeffer
Pavian	Aubergine
Pavian	Zeigen
Pavian	Schimpanse
Pavian	Hund
Pavian	Hund
Pavian	Kuh
Pavian	Giraffe
Pavian	Arbeiter
Pavian	Affe
Pavian	Affe
Pavian	Auge
Elefant	Eidechse
Elefant	Banane
Elefant	Hand
Elefant	Kartoffel
Elefant	Hammer
Elefant	Schimpanse
Elefant	Chili
Elefant	Ananas
Elefant	Pavian
Elefant	Knoblauch
Elefant	Haar
Elefant	Tänzerin
Elefant	Taenzerin
Elefant	Birne
Elefant	Finger
Elefant	Ohr
Elefant	Schaf
Elefant	Kamel
Elefant	Pistole
Elefant	Strauss
Elefant	Strauß
Elefant	Zebra
Elefant	Ziege
Elefant	Loewe
Elefant	Löwe
Elefant	Schnuller
Elefant	Hand
Elefant	Kopfsalat
Elefant	Zucchini
Elefant	Schluessel
Elefant	Schlüssel
Elefant	Schlueßel
Elefant	Schlüßel
Elefant	Tänzerin
Elefant	Taenzerin
Elefant	Birne
Elefant	Telefon
Elefant	Traube
Elefant	Frosch
Elefant	Regenschirm
Elefant	Kaßette
Elefant	Kassette
Elefant	Schlange
Elefant	Faust
Elefant	Zange
Elefant	Koch
Elefant	Wolf
Elefant	Rettich
Elefant	Affe
Elefant	Schlange
Elefant	Guerteltier
Elefant	Gürteltier
Elefant	Stuhl
Elefant	Flagge
Elefant	Pavian
Elefant	Pfeffer
Elefant	Aubergine
Elefant	Zeigen
Elefant	Schimpanse
Elefant	Hund
Elefant	Hund
Elefant	Kuh
Elefant	Giraffe
Elefant	Arbeiter
Elefant	Affe
Elefant	Affe
Elefant	Auge
Pfeffer	Eidechse
Pfeffer	Banane
Pfeffer	Hand
Pfeffer	Kartoffel
Pfeffer	Hammer
Pfeffer	Schimpanse
Pfeffer	Chili
Pfeffer	Ananas
Pfeffer	Pavian
Pfeffer	Knoblauch
Pfeffer	Haar
Pfeffer	Tänzerin
Pfeffer	Taenzerin
Pfeffer	Birne
Pfeffer	Finger
Pfeffer	Ohr
Pfeffer	Schaf
Pfeffer	Kamel
Pfeffer	Pistole
Pfeffer	Strauss
Pfeffer	Strauß
Pfeffer	Zebra
Pfeffer	Ziege
Pfeffer	Loewe
Pfeffer	Löwe
Pfeffer	Schnuller
Pfeffer	Hand
Pfeffer	Kopfsalat
Pfeffer	Zucchini
Pfeffer	Schluessel
Pfeffer	Schlüssel
Pfeffer	Schlueßel
Pfeffer	Schlüßel
Pfeffer	Tänzerin
Pfeffer	Taenzerin
Pfeffer	Birne
Pfeffer	Telefon
Pfeffer	Traube
Pfeffer	Frosch
Pfeffer	Regenschirm
Pfeffer	Kaßette
Pfeffer	Kassette
Pfeffer	Schlange
Pfeffer	Faust
Pfeffer	Zange
Pfeffer	Koch
Pfeffer	Wolf
Pfeffer	Rettich
Pfeffer	Affe
Pfeffer	Schlange
Pfeffer	Guerteltier
Pfeffer	Gürteltier
Pfeffer	Stuhl
Pfeffer	Flagge
Pfeffer	Pavian
Pfeffer	Elefant
Pfeffer	Aubergine
Pfeffer	Zeigen
Pfeffer	Schimpanse
Pfeffer	Hund
Pfeffer	Hund
Pfeffer	Kuh
Pfeffer	Giraffe
Pfeffer	Arbeiter
Pfeffer	Affe
Pfeffer	Affe
Pfeffer	Auge
Aubergine	Eidechse
Aubergine	Banane
Aubergine	Hand
Aubergine	Kartoffel
Aubergine	Hammer
Aubergine	Schimpanse
Aubergine	Chili
Aubergine	Ananas
Aubergine	Pavian
Aubergine	Knoblauch
Aubergine	Haar
Aubergine	Tänzerin
Aubergine	Taenzerin
Aubergine	Birne
Aubergine	Finger
Aubergine	Ohr
Aubergine	Schaf
Aubergine	Kamel
Aubergine	Pistole
Aubergine	Strauss
Aubergine	Strauß
Aubergine	Zebra
Aubergine	Ziege
Aubergine	Loewe
Aubergine	Löwe
Aubergine	Schnuller
Aubergine	Hand
Aubergine	Kopfsalat
Aubergine	Zucchini
Aubergine	Schluessel
Aubergine	Schlüssel
Aubergine	Schlueßel
Aubergine	Schlüßel
Aubergine	Tänzerin
Aubergine	Taenzerin
Aubergine	Birne
Aubergine	Telefon
Aubergine	Traube
Aubergine	Frosch
Aubergine	Regenschirm
Aubergine	Kaßette
Aubergine	Kassette
Aubergine	Schlange
Aubergine	Faust
Aubergine	Zange
Aubergine	Koch
Aubergine	Wolf
Aubergine	Rettich
Aubergine	Affe
Aubergine	Schlange
Aubergine	Guerteltier
Aubergine	Gürteltier
Aubergine	Stuhl
Aubergine	Flagge
Aubergine	Pavian
Aubergine	Elefant
Aubergine	Pfeffer
Aubergine	Zeigen
Aubergine	Schimpanse
Aubergine	Hund
Aubergine	Hund
Aubergine	Kuh
Aubergine	Giraffe
Aubergine	Arbeiter
Aubergine	Affe
Aubergine	Affe
Aubergine	Auge
Zeigen	Eidechse
Zeigen	Banane
Zeigen	Hand
Zeigen	Kartoffel
Zeigen	Hammer
Zeigen	Schimpanse
Zeigen	Chili
Zeigen	Ananas
Zeigen	Pavian
Zeigen	Knoblauch
Zeigen	Haar
Zeigen	Tänzerin
Zeigen	Taenzerin
Zeigen	Birne
Zeigen	Finger
Zeigen	Ohr
Zeigen	Schaf
Zeigen	Kamel
Zeigen	Pistole
Zeigen	Strauss
Zeigen	Strauß
Zeigen	Zebra
Zeigen	Ziege
Zeigen	Loewe
Zeigen	Löwe
Zeigen	Schnuller
Zeigen	Hand
Zeigen	Kopfsalat
Zeigen	Zucchini
Zeigen	Schluessel
Zeigen	Schlüssel
Zeigen	Schlueßel
Zeigen	Schlüßel
Zeigen	Tänzerin
Zeigen	Taenzerin
Zeigen	Birne
Zeigen	Telefon
Zeigen	Traube
Zeigen	Frosch
Zeigen	Regenschirm
Zeigen	Kaßette
Zeigen	Kassette
Zeigen	Schlange
Zeigen	Faust
Zeigen	Zange
Zeigen	Koch
Zeigen	Wolf
Zeigen	Rettich
Zeigen	Affe
Zeigen	Schlange
Zeigen	Guerteltier
Zeigen	Gürteltier
Zeigen	Stuhl
Zeigen	Flagge
Zeigen	Pavian
Zeigen	Elefant
Zeigen	Pfeffer
Zeigen	Aubergine
Zeigen	Schimpanse
Zeigen	Hund
Zeigen	Hund
Zeigen	Kuh
Zeigen	Giraffe
Zeigen	Arbeiter
Zeigen	Affe
Zeigen	Affe
Zeigen	Auge
Schimpanse	Eidechse
Schimpanse	Banane
Schimpanse	Hand
Schimpanse	Kartoffel
Schimpanse	Hammer
Schimpanse	Schimpanse
Schimpanse	Chili
Schimpanse	Ananas
Schimpanse	Pavian
Schimpanse	Knoblauch
Schimpanse	Haar
Schimpanse	Tänzerin
Schimpanse	Taenzerin
Schimpanse	Birne
Schimpanse	Finger
Schimpanse	Ohr
Schimpanse	Schaf
Schimpanse	Kamel
Schimpanse	Pistole
Schimpanse	Strauss
Schimpanse	Strauß
Schimpanse	Zebra
Schimpanse	Ziege
Schimpanse	Loewe
Schimpanse	Löwe
Schimpanse	Schnuller
Schimpanse	Hand
Schimpanse	Kopfsalat
Schimpanse	Zucchini
Schimpanse	Schluessel
Schimpanse	Schlüssel
Schimpanse	Schlueßel
Schimpanse	Schlüßel
Schimpanse	Tänzerin
Schimpanse	Taenzerin
Schimpanse	Birne
Schimpanse	Telefon
Schimpanse	Traube
Schimpanse	Frosch
Schimpanse	Regenschirm
Schimpanse	Kaßette
Schimpanse	Kassette
Schimpanse	Schlange
Schimpanse	Faust
Schimpanse	Zange
Schimpanse	Koch
Schimpanse	Wolf
Schimpanse	Rettich
Schimpanse	Affe
Schimpanse	Schlange
Schimpanse	Guerteltier
Schimpanse	Gürteltier
Schimpanse	Stuhl
Schimpanse	Flagge
Schimpanse	Pavian
Schimpanse	Elefant
Schimpanse	Pfeffer
Schimpanse	Aubergine
Schimpanse	Zeigen
Schimpanse	Hund
Schimpanse	Hund
Schimpanse	Kuh
Schimpanse	Giraffe
Schimpanse	Arbeiter
Schimpanse	Affe
Schimpanse	Affe
Schimpanse	Auge
Hund	Eidechse
Hund	Banane
Hund	Hand
Hund	Kartoffel
Hund	Hammer
Hund	Schimpanse
Hund	Chili
Hund	Ananas
Hund	Pavian
Hund	Knoblauch
Hund	Haar
Hund	Tänzerin
Hund	Taenzerin
Hund	Birne
Hund	Finger
Hund	Ohr
Hund	Schaf
Hund	Kamel
Hund	Pistole
Hund	Strauss
Hund	Strauß
Hund	Zebra
Hund	Ziege
Hund	Loewe
Hund	Löwe
Hund	Schnuller
Hund	Hand
Hund	Kopfsalat
Hund	Zucchini
Hund	Schluessel
Hund	Schlüssel
Hund	Schlueßel
Hund	Schlüßel
Hund	Tänzerin
Hund	Taenzerin
Hund	Birne
Hund	Telefon
Hund	Traube
Hund	Frosch
Hund	Regenschirm
Hund	Kaßette
Hund	Kassette
Hund	Schlange
Hund	Faust
Hund	Zange
Hund	Koch
Hund	Wolf
Hund	Rettich
Hund	Affe
Hund	Schlange
Hund	Guerteltier
Hund	Gürteltier
Hund	Stuhl
Hund	Flagge
Hund	Pavian
Hund	Elefant
Hund	Pfeffer
Hund	Aubergine
Hund	Zeigen
Hund	Schimpanse
Hund	Hund
Hund	Kuh
Hund	Giraffe
Hund	Arbeiter
Hund	Affe
Hund	Affe
Hund	Auge
Hund	Eidechse
Hund	Banane
Hund	Hand
Hund	Kartoffel
Hund	Hammer
Hund	Schimpanse
Hund	Chili
Hund	Ananas
Hund	Pavian
Hund	Knoblauch
Hund	Haar
Hund	Tänzerin
Hund	Taenzerin
Hund	Birne
Hund	Finger
Hund	Ohr
Hund	Schaf
Hund	Kamel
Hund	Pistole
Hund	Strauss
Hund	Strauß
Hund	Zebra
Hund	Ziege
Hund	Loewe
Hund	Löwe
Hund	Schnuller
Hund	Hand
Hund	Kopfsalat
Hund	Zucchini
Hund	Schluessel
Hund	Schlüssel
Hund	Schlueßel
Hund	Schlüßel
Hund	Tänzerin
Hund	Taenzerin
Hund	Birne
Hund	Telefon
Hund	Traube
Hund	Frosch
Hund	Regenschirm
Hund	Kaßette
Hund	Kassette
Hund	Schlange
Hund	Faust
Hund	Zange
Hund	Koch
Hund	Wolf
Hund	Rettich
Hund	Affe
Hund	Schlange
Hund	Guerteltier
Hund	Gürteltier
Hund	Stuhl
Hund	Flagge
Hund	Pavian
Hund	Elefant
Hund	Pfeffer
Hund	Aubergine
Hund	Zeigen
Hund	Schimpanse
Hund	Hund
Hund	Kuh
Hund	Giraffe
Hund	Arbeiter
Hund	Affe
Hund	Affe
Hund	Auge
Kuh	Eidechse
Kuh	Banane
Kuh	Hand
Kuh	Kartoffel
Kuh	Hammer
Kuh	Schimpanse
Kuh	Chili
Kuh	Ananas
Kuh	Pavian
Kuh	Knoblauch
Kuh	Haar
Kuh	Tänzerin
Kuh	Taenzerin
Kuh	Birne
Kuh	Finger
Kuh	Ohr
Kuh	Schaf
Kuh	Kamel
Kuh	Pistole
Kuh	Strauss
Kuh	Strauß
Kuh	Zebra
Kuh	Ziege
Kuh	Loewe
Kuh	Löwe
Kuh	Schnuller
Kuh	Hand
Kuh	Kopfsalat
Kuh	Zucchini
Kuh	Schluessel
Kuh	Schlüssel
Kuh	Schlueßel
Kuh	Schlüßel
Kuh	Tänzerin
Kuh	Taenzerin
Kuh	Birne
Kuh	Telefon
Kuh	Traube
Kuh	Frosch
Kuh	Regenschirm
Kuh	Kaßette
Kuh	Kassette
Kuh	Schlange
Kuh	Faust
Kuh	Zange
Kuh	Koch
Kuh	Wolf
Kuh	Rettich
Kuh	Affe
Kuh	Schlange
Kuh	Guerteltier
Kuh	Gürteltier
Kuh	Stuhl
Kuh	Flagge
Kuh	Pavian
Kuh	Elefant
Kuh	Pfeffer
Kuh	Aubergine
Kuh	Zeigen
Kuh	Schimpanse
Kuh	Hund
Kuh	Hund
Kuh	Giraffe
Kuh	Arbeiter
Kuh	Affe
Kuh	Affe
Kuh	Auge
Giraffe	Eidechse
Giraffe	Banane
Giraffe	Hand
Giraffe	Kartoffel
Giraffe	Hammer
Giraffe	Schimpanse
Giraffe	Chili
Giraffe	Ananas
Giraffe	Pavian
Giraffe	Knoblauch
Giraffe	Haar
Giraffe	Tänzerin
Giraffe	Taenzerin
Giraffe	Birne
Giraffe	Finger
Giraffe	Ohr
Giraffe	Schaf
Giraffe	Kamel
Giraffe	Pistole
Giraffe	Strauss
Giraffe	Strauß
Giraffe	Zebra
Giraffe	Ziege
Giraffe	Loewe
Giraffe	Löwe
Giraffe	Schnuller
Giraffe	Hand
Giraffe	Kopfsalat
Giraffe	Zucchini
Giraffe	Schluessel
Giraffe	Schlüssel
Giraffe	Schlueßel
Giraffe	Schlüßel
Giraffe	Tänzerin
Giraffe	Taenzerin
Giraffe	Birne
Giraffe	Telefon
Giraffe	Traube
Giraffe	Frosch
Giraffe	Regenschirm
Giraffe	Kaßette
Giraffe	Kassette
Giraffe	Schlange
Giraffe	Faust
Giraffe	Zange
Giraffe	Koch
Giraffe	Wolf
Giraffe	Rettich
Giraffe	Affe
Giraffe	Schlange
Giraffe	Guerteltier
Giraffe	Gürteltier
Giraffe	Stuhl
Giraffe	Flagge
Giraffe	Pavian
Giraffe	Elefant
Giraffe	Pfeffer
Giraffe	Aubergine
Giraffe	Zeigen
Giraffe	Schimpanse
Giraffe	Hund
Giraffe	Hund
Giraffe	Kuh
Giraffe	Arbeiter
Giraffe	Affe
Giraffe	Affe
Giraffe	Auge
Arbeiter	Eidechse
Arbeiter	Banane
Arbeiter	Hand
Arbeiter	Kartoffel
Arbeiter	Hammer
Arbeiter	Schimpanse
Arbeiter	Chili
Arbeiter	Ananas
Arbeiter	Pavian
Arbeiter	Knoblauch
Arbeiter	Haar
Arbeiter	Tänzerin
Arbeiter	Taenzerin
Arbeiter	Birne
Arbeiter	Finger
Arbeiter	Ohr
Arbeiter	Schaf
Arbeiter	Kamel
Arbeiter	Pistole
Arbeiter	Strauss
Arbeiter	Strauß
Arbeiter	Zebra
Arbeiter	Ziege
Arbeiter	Loewe
Arbeiter	Löwe
Arbeiter	Schnuller
Arbeiter	Hand
Arbeiter	Kopfsalat
Arbeiter	Zucchini
Arbeiter	Schluessel
Arbeiter	Schlüssel
Arbeiter	Schlueßel
Arbeiter	Schlüßel
Arbeiter	Tänzerin
Arbeiter	Taenzerin
Arbeiter	Birne
Arbeiter	Telefon
Arbeiter	Traube
Arbeiter	Frosch
Arbeiter	Regenschirm
Arbeiter	Kaßette
Arbeiter	Kassette
Arbeiter	Schlange
Arbeiter	Faust
Arbeiter	Zange
Arbeiter	Koch
Arbeiter	Wolf
Arbeiter	Rettich
Arbeiter	Affe
Arbeiter	Schlange
Arbeiter	Guerteltier
Arbeiter	Gürteltier
Arbeiter	Stuhl
Arbeiter	Flagge
Arbeiter	Pavian
Arbeiter	Elefant
Arbeiter	Pfeffer
Arbeiter	Aubergine
Arbeiter	Zeigen
Arbeiter	Schimpanse
Arbeiter	Hund
Arbeiter	Hund
Arbeiter	Kuh
Arbeiter	Giraffe
Arbeiter	Affe
Arbeiter	Affe
Arbeiter	Auge
Affe	Eidechse
Affe	Banane
Affe	Hand
Affe	Kartoffel
Affe	Hammer
Affe	Schimpanse
Affe	Chili
Affe	Ananas
Affe	Pavian
Affe	Knoblauch
Affe	Haar
Affe	Tänzerin
Affe	Taenzerin
Affe	Birne
Affe	Finger
Affe	Ohr
Affe	Schaf
Affe	Kamel
Affe	Pistole
Affe	Strauss
Affe	Strauß
Affe	Zebra
Affe	Ziege
Affe	Loewe
Affe	Löwe
Affe	Schnuller
Affe	Hand
Affe	Kopfsalat
Affe	Zucchini
Affe	Schluessel
Affe	Schlüssel
Affe	Schlueßel
Affe	Schlüßel
Affe	Tänzerin
Affe	Taenzerin
Affe	Birne
Affe	Telefon
Affe	Traube
Affe	Frosch
Affe	Regenschirm
Affe	Kaßette
Affe	Kassette
Affe	Schlange
Affe	Faust
Affe	Zange
Affe	Koch
Affe	Wolf
Affe	Rettich
Affe	Affe
Affe	Schlange
Affe	Guerteltier
Affe	Gürteltier
Affe	Stuhl
Affe	Flagge
Affe	Pavian
Affe	Elefant
Affe	Pfeffer
Affe	Aubergine
Affe	Zeigen
Affe	Schimpanse
Affe	Hund
Affe	Hund
Affe	Kuh
Affe	Giraffe
Affe	Arbeiter
Affe	Affe
Affe	Auge
Affe	Eidechse
Affe	Banane
Affe	Hand
Affe	Kartoffel
Affe	Hammer
Affe	Schimpanse
Affe	Chili
Affe	Ananas
Affe	Pavian
Affe	Knoblauch
Affe	Haar
Affe	Tänzerin
Affe	Taenzerin
Affe	Birne
Affe	Finger
Affe	Ohr
Affe	Schaf
Affe	Kamel
Affe	Pistole
Affe	Strauss
Affe	Strauß
Affe	Zebra
Affe	Ziege
Affe	Loewe
Affe	Löwe
Affe	Schnuller
Affe	Hand
Affe	Kopfsalat
Affe	Zucchini
Affe	Schluessel
Affe	Schlüssel
Affe	Schlueßel
Affe	Schlüßel
Affe	Tänzerin
Affe	Taenzerin
Affe	Birne
Affe	Telefon
Affe	Traube
Affe	Frosch
Affe	Regenschirm
Affe	Kaßette
Affe	Kassette
Affe	Schlange
Affe	Faust
Affe	Zange
Affe	Koch
Affe	Wolf
Affe	Rettich
Affe	Affe
Affe	Schlange
Affe	Guerteltier
Affe	Gürteltier
Affe	Stuhl
Affe	Flagge
Affe	Pavian
Affe	Elefant
Affe	Pfeffer
Affe	Aubergine
Affe	Zeigen
Affe	Schimpanse
Affe	Hund
Affe	Hund
Affe	Kuh
Affe	Giraffe
Affe	Arbeiter
Affe	Affe
Affe	Auge
Auge	Eidechse
Auge	Banane
Auge	Hand
Auge	Kartoffel
Auge	Hammer
Auge	Schimpanse
Auge	Chili
Auge	Ananas
Auge	Pavian
Auge	Knoblauch
Auge	Haar
Auge	Tänzerin
Auge	Taenzerin
Auge	Birne
Auge	Finger
Auge	Ohr
Auge	Schaf
Auge	Kamel
Auge	Pistole
Auge	Strauss
Auge	Strauß
Auge	Zebra
Auge	Ziege
Auge	Loewe
Auge	Löwe
Auge	Schnuller
Auge	Hand
Auge	Kopfsalat
Auge	Zucchini
Auge	Schluessel
Auge	Schlüssel
Auge	Schlueßel
Auge	Schlüßel
Auge	Tänzerin
Auge	Taenzerin
Auge	Birne
Auge	Telefon
Auge	Traube
Auge	Frosch
Auge	Regenschirm
Auge	Kaßette
Auge	Kassette
Auge	Schlange
Auge	Faust
Auge	Zange
Auge	Koch
Auge	Wolf
Auge	Rettich
Auge	Affe
Auge	Schlange
Auge	Guerteltier
Auge	Gürteltier
Auge	Stuhl
Auge	Flagge
Auge	Pavian
Auge	Elefant
Auge	Pfeffer
Auge	Aubergine
Auge	Zeigen
Auge	Schimpanse
Auge	Hund
Auge	Hund
Auge	Kuh
Auge	Giraffe
Auge	Arbeiter
Auge	Affe
Auge	Affe
