Auto	Fahrrad
Auto	Arm
Auto	Lastwagen
Auto	Bein
Auto	Hand
Auto	Mais
Auto	Kommode
Auto	Schlüßel
Auto	Schlüssel
Auto	Schluessel
Auto	Schlueßel
Auto	Kühlschrank
Auto	Kuehlschrank
Auto	Zange
Auto	Wohnung
Auto	Zug
Auto	Glas
Auto	Kirche
Auto	Hose
Auto	Bett
Auto	Säge
Auto	Saege
Auto	Scheune
Auto	Hemd
Auto	Loeffel
Auto	Löffel
Auto	Meißel
Auto	Meissel
Auto	Hammer
Auto	Tisch
Auto	Flasche
Auto	Kopfsalat
Auto	Telefon
Auto	Katze
Auto	Karotte
Auto	Bär
Auto	Baer
Auto	Kuh
Auto	Armbanduhr
Auto	Kleid
Auto	Schornstein
Auto	Auge
Auto	Iglu
Auto	Tomate
Auto	Bogen
Auto	Flugzeug
Auto	Kaefer
Auto	Käfer
Auto	Taße
Auto	Tasse
Auto	Meßer
Auto	Messer
Auto	Schraubenzieher
Auto	Kleiderschrank
Auto	Ameise
Auto	Rock
Auto	Glocke
Auto	Biene
Auto	Mantel
Auto	Fliege
Auto	Pferd
Auto	Hund
Auto	Haus
Auto	Schreibtisch
Auto	Stuhl
Auto	Sellerie
Auto	Fuss
Auto	Fuß
Auto	Schmetterling
Auto	Tür
Auto	Tuer
Fahrrad	Auto
Fahrrad	Arm
Fahrrad	Lastwagen
Fahrrad	Bein
Fahrrad	Hand
Fahrrad	Mais
Fahrrad	Kommode
Fahrrad	Schlüßel
Fahrrad	Schlüssel
Fahrrad	Schluessel
Fahrrad	Schlueßel
Fahrrad	Kühlschrank
Fahrrad	Kuehlschrank
Fahrrad	Zange
Fahrrad	Wohnung
Fahrrad	Zug
Fahrrad	Glas
Fahrrad	Kirche
Fahrrad	Hose
Fahrrad	Bett
Fahrrad	Säge
Fahrrad	Saege
Fahrrad	Scheune
Fahrrad	Hemd
Fahrrad	Loeffel
Fahrrad	Löffel
Fahrrad	Meißel
Fahrrad	Meissel
Fahrrad	Hammer
Fahrrad	Tisch
Fahrrad	Flasche
Fahrrad	Kopfsalat
Fahrrad	Telefon
Fahrrad	Katze
Fahrrad	Karotte
Fahrrad	Bär
Fahrrad	Baer
Fahrrad	Kuh
Fahrrad	Armbanduhr
Fahrrad	Kleid
Fahrrad	Schornstein
Fahrrad	Auge
Fahrrad	Iglu
Fahrrad	Tomate
Fahrrad	Bogen
Fahrrad	Flugzeug
Fahrrad	Kaefer
Fahrrad	Käfer
Fahrrad	Taße
Fahrrad	Tasse
Fahrrad	Meßer
Fahrrad	Messer
Fahrrad	Schraubenzieher
Fahrrad	Kleiderschrank
Fahrrad	Ameise
Fahrrad	Rock
Fahrrad	Glocke
Fahrrad	Biene
Fahrrad	Mantel
Fahrrad	Fliege
Fahrrad	Pferd
Fahrrad	Hund
Fahrrad	Haus
Fahrrad	Schreibtisch
Fahrrad	Stuhl
Fahrrad	Sellerie
Fahrrad	Fuss
Fahrrad	Fuß
Fahrrad	Schmetterling
Fahrrad	Tür
Fahrrad	Tuer
Arm	Auto
Arm	Fahrrad
Arm	Lastwagen
Arm	Bein
Arm	Hand
Arm	Mais
Arm	Kommode
Arm	Schlüßel
Arm	Schlüssel
Arm	Schluessel
Arm	Schlueßel
Arm	Kühlschrank
Arm	Kuehlschrank
Arm	Zange
Arm	Wohnung
Arm	Zug
Arm	Glas
Arm	Kirche
Arm	Hose
Arm	Bett
Arm	Säge
Arm	Saege
Arm	Scheune
Arm	Hemd
Arm	Loeffel
Arm	Löffel
Arm	Meißel
Arm	Meissel
Arm	Hammer
Arm	Tisch
Arm	Flasche
Arm	Kopfsalat
Arm	Telefon
Arm	Katze
Arm	Karotte
Arm	Bär
Arm	Baer
Arm	Kuh
Arm	Armbanduhr
Arm	Kleid
Arm	Schornstein
Arm	Auge
Arm	Iglu
Arm	Tomate
Arm	Bogen
Arm	Flugzeug
Arm	Kaefer
Arm	Käfer
Arm	Taße
Arm	Tasse
Arm	Meßer
Arm	Messer
Arm	Schraubenzieher
Arm	Kleiderschrank
Arm	Ameise
Arm	Rock
Arm	Glocke
Arm	Biene
Arm	Mantel
Arm	Fliege
Arm	Pferd
Arm	Hund
Arm	Haus
Arm	Schreibtisch
Arm	Stuhl
Arm	Sellerie
Arm	Fuss
Arm	Fuß
Arm	Schmetterling
Arm	Tür
Arm	Tuer
Lastwagen	Auto
Lastwagen	Fahrrad
Lastwagen	Arm
Lastwagen	Bein
Lastwagen	Hand
Lastwagen	Mais
Lastwagen	Kommode
Lastwagen	Schlüßel
Lastwagen	Schlüssel
Lastwagen	Schluessel
Lastwagen	Schlueßel
Lastwagen	Kühlschrank
Lastwagen	Kuehlschrank
Lastwagen	Zange
Lastwagen	Wohnung
Lastwagen	Zug
Lastwagen	Glas
Lastwagen	Kirche
Lastwagen	Hose
Lastwagen	Bett
Lastwagen	Säge
Lastwagen	Saege
Lastwagen	Scheune
Lastwagen	Hemd
Lastwagen	Loeffel
Lastwagen	Löffel
Lastwagen	Meißel
Lastwagen	Meissel
Lastwagen	Hammer
Lastwagen	Tisch
Lastwagen	Flasche
Lastwagen	Kopfsalat
Lastwagen	Telefon
Lastwagen	Katze
Lastwagen	Karotte
Lastwagen	Bär
Lastwagen	Baer
Lastwagen	Kuh
Lastwagen	Armbanduhr
Lastwagen	Kleid
Lastwagen	Schornstein
Lastwagen	Auge
Lastwagen	Iglu
Lastwagen	Tomate
Lastwagen	Bogen
Lastwagen	Flugzeug
Lastwagen	Kaefer
Lastwagen	Käfer
Lastwagen	Taße
Lastwagen	Tasse
Lastwagen	Meßer
Lastwagen	Messer
Lastwagen	Schraubenzieher
Lastwagen	Kleiderschrank
Lastwagen	Ameise
Lastwagen	Rock
Lastwagen	Glocke
Lastwagen	Biene
Lastwagen	Mantel
Lastwagen	Fliege
Lastwagen	Pferd
Lastwagen	Hund
Lastwagen	Haus
Lastwagen	Schreibtisch
Lastwagen	Stuhl
Lastwagen	Sellerie
Lastwagen	Fuss
Lastwagen	Fuß
Lastwagen	Schmetterling
Lastwagen	Tür
Lastwagen	Tuer
Bein	Auto
Bein	Fahrrad
Bein	Arm
Bein	Lastwagen
Bein	Hand
Bein	Mais
Bein	Kommode
Bein	Schlüßel
Bein	Schlüssel
Bein	Schluessel
Bein	Schlueßel
Bein	Kühlschrank
Bein	Kuehlschrank
Bein	Zange
Bein	Wohnung
Bein	Zug
Bein	Glas
Bein	Kirche
Bein	Hose
Bein	Bett
Bein	Säge
Bein	Saege
Bein	Scheune
Bein	Hemd
Bein	Loeffel
Bein	Löffel
Bein	Meißel
Bein	Meissel
Bein	Hammer
Bein	Tisch
Bein	Flasche
Bein	Kopfsalat
Bein	Telefon
Bein	Katze
Bein	Karotte
Bein	Bär
Bein	Baer
Bein	Kuh
Bein	Armbanduhr
Bein	Kleid
Bein	Schornstein
Bein	Auge
Bein	Iglu
Bein	Tomate
Bein	Bogen
Bein	Flugzeug
Bein	Kaefer
Bein	Käfer
Bein	Taße
Bein	Tasse
Bein	Meßer
Bein	Messer
Bein	Schraubenzieher
Bein	Kleiderschrank
Bein	Ameise
Bein	Rock
Bein	Glocke
Bein	Biene
Bein	Mantel
Bein	Fliege
Bein	Pferd
Bein	Hund
Bein	Haus
Bein	Schreibtisch
Bein	Stuhl
Bein	Sellerie
Bein	Fuss
Bein	Fuß
Bein	Schmetterling
Bein	Tür
Bein	Tuer
Hand	Auto
Hand	Fahrrad
Hand	Arm
Hand	Lastwagen
Hand	Bein
Hand	Mais
Hand	Kommode
Hand	Schlüßel
Hand	Schlüssel
Hand	Schluessel
Hand	Schlueßel
Hand	Kühlschrank
Hand	Kuehlschrank
Hand	Zange
Hand	Wohnung
Hand	Zug
Hand	Glas
Hand	Kirche
Hand	Hose
Hand	Bett
Hand	Säge
Hand	Saege
Hand	Scheune
Hand	Hemd
Hand	Loeffel
Hand	Löffel
Hand	Meißel
Hand	Meissel
Hand	Hammer
Hand	Tisch
Hand	Flasche
Hand	Kopfsalat
Hand	Telefon
Hand	Katze
Hand	Karotte
Hand	Bär
Hand	Baer
Hand	Kuh
Hand	Armbanduhr
Hand	Kleid
Hand	Schornstein
Hand	Auge
Hand	Iglu
Hand	Tomate
Hand	Bogen
Hand	Flugzeug
Hand	Kaefer
Hand	Käfer
Hand	Taße
Hand	Tasse
Hand	Meßer
Hand	Messer
Hand	Schraubenzieher
Hand	Kleiderschrank
Hand	Ameise
Hand	Rock
Hand	Glocke
Hand	Biene
Hand	Mantel
Hand	Fliege
Hand	Pferd
Hand	Hund
Hand	Haus
Hand	Schreibtisch
Hand	Stuhl
Hand	Sellerie
Hand	Fuss
Hand	Fuß
Hand	Schmetterling
Hand	Tür
Hand	Tuer
Mais	Auto
Mais	Fahrrad
Mais	Arm
Mais	Lastwagen
Mais	Bein
Mais	Hand
Mais	Kommode
Mais	Schlüßel
Mais	Schlüssel
Mais	Schluessel
Mais	Schlueßel
Mais	Kühlschrank
Mais	Kuehlschrank
Mais	Zange
Mais	Wohnung
Mais	Zug
Mais	Glas
Mais	Kirche
Mais	Hose
Mais	Bett
Mais	Säge
Mais	Saege
Mais	Scheune
Mais	Hemd
Mais	Loeffel
Mais	Löffel
Mais	Meißel
Mais	Meissel
Mais	Hammer
Mais	Tisch
Mais	Flasche
Mais	Kopfsalat
Mais	Telefon
Mais	Katze
Mais	Karotte
Mais	Bär
Mais	Baer
Mais	Kuh
Mais	Armbanduhr
Mais	Kleid
Mais	Schornstein
Mais	Auge
Mais	Iglu
Mais	Tomate
Mais	Bogen
Mais	Flugzeug
Mais	Kaefer
Mais	Käfer
Mais	Taße
Mais	Tasse
Mais	Meßer
Mais	Messer
Mais	Schraubenzieher
Mais	Kleiderschrank
Mais	Ameise
Mais	Rock
Mais	Glocke
Mais	Biene
Mais	Mantel
Mais	Fliege
Mais	Pferd
Mais	Hund
Mais	Haus
Mais	Schreibtisch
Mais	Stuhl
Mais	Sellerie
Mais	Fuss
Mais	Fuß
Mais	Schmetterling
Mais	Tür
Mais	Tuer
Kommode	Auto
Kommode	Fahrrad
Kommode	Arm
Kommode	Lastwagen
Kommode	Bein
Kommode	Hand
Kommode	Mais
Kommode	Schlüßel
Kommode	Schlüssel
Kommode	Schluessel
Kommode	Schlueßel
Kommode	Kühlschrank
Kommode	Kuehlschrank
Kommode	Zange
Kommode	Wohnung
Kommode	Zug
Kommode	Glas
Kommode	Kirche
Kommode	Hose
Kommode	Bett
Kommode	Säge
Kommode	Saege
Kommode	Scheune
Kommode	Hemd
Kommode	Loeffel
Kommode	Löffel
Kommode	Meißel
Kommode	Meissel
Kommode	Hammer
Kommode	Tisch
Kommode	Flasche
Kommode	Kopfsalat
Kommode	Telefon
Kommode	Katze
Kommode	Karotte
Kommode	Bär
Kommode	Baer
Kommode	Kuh
Kommode	Armbanduhr
Kommode	Kleid
Kommode	Schornstein
Kommode	Auge
Kommode	Iglu
Kommode	Tomate
Kommode	Bogen
Kommode	Flugzeug
Kommode	Kaefer
Kommode	Käfer
Kommode	Taße
Kommode	Tasse
Kommode	Meßer
Kommode	Messer
Kommode	Schraubenzieher
Kommode	Kleiderschrank
Kommode	Ameise
Kommode	Rock
Kommode	Glocke
Kommode	Biene
Kommode	Mantel
Kommode	Fliege
Kommode	Pferd
Kommode	Hund
Kommode	Haus
Kommode	Schreibtisch
Kommode	Stuhl
Kommode	Sellerie
Kommode	Fuss
Kommode	Fuß
Kommode	Schmetterling
Kommode	Tür
Kommode	Tuer
Schlüßel	Auto
Schlüssel	Auto
Schluessel	Auto
Schlueßel	Auto
Schlüßel	Fahrrad
Schlüssel	Fahrrad
Schluessel	Fahrrad
Schlueßel	Fahrrad
Schlüßel	Arm
Schlüssel	Arm
Schluessel	Arm
Schlueßel	Arm
Schlüßel	Lastwagen
Schlüssel	Lastwagen
Schluessel	Lastwagen
Schlueßel	Lastwagen
Schlüßel	Bein
Schlüssel	Bein
Schluessel	Bein
Schlueßel	Bein
Schlüßel	Hand
Schlüssel	Hand
Schluessel	Hand
Schlueßel	Hand
Schlüßel	Mais
Schlüssel	Mais
Schluessel	Mais
Schlueßel	Mais
Schlüßel	Kommode
Schlüssel	Kommode
Schluessel	Kommode
Schlueßel	Kommode
Schlüßel	Kühlschrank
Schlüßel	Kuehlschrank
Schlüssel	Kühlschrank
Schlüssel	Kuehlschrank
Schluessel	Kühlschrank
Schluessel	Kuehlschrank
Schlueßel	Kühlschrank
Schlueßel	Kuehlschrank
Schlüßel	Zange
Schlüssel	Zange
Schluessel	Zange
Schlueßel	Zange
Schlüßel	Wohnung
Schlüssel	Wohnung
Schluessel	Wohnung
Schlueßel	Wohnung
Schlüßel	Zug
Schlüssel	Zug
Schluessel	Zug
Schlueßel	Zug
Schlüßel	Glas
Schlüssel	Glas
Schluessel	Glas
Schlueßel	Glas
Schlüßel	Kirche
Schlüssel	Kirche
Schluessel	Kirche
Schlueßel	Kirche
Schlüßel	Hose
Schlüssel	Hose
Schluessel	Hose
Schlueßel	Hose
Schlüßel	Bett
Schlüssel	Bett
Schluessel	Bett
Schlueßel	Bett
Schlüßel	Säge
Schlüßel	Saege
Schlüssel	Säge
Schlüssel	Saege
Schluessel	Säge
Schluessel	Saege
Schlueßel	Säge
Schlueßel	Saege
Schlüßel	Scheune
Schlüssel	Scheune
Schluessel	Scheune
Schlueßel	Scheune
Schlüßel	Hemd
Schlüssel	Hemd
Schluessel	Hemd
Schlueßel	Hemd
Schlüßel	Loeffel
Schlüßel	Löffel
Schlüssel	Loeffel
Schlüssel	Löffel
Schluessel	Loeffel
Schluessel	Löffel
Schlueßel	Loeffel
Schlueßel	Löffel
Schlüßel	Meißel
Schlüßel	Meissel
Schlüssel	Meißel
Schlüssel	Meissel
Schluessel	Meißel
Schluessel	Meissel
Schlueßel	Meißel
Schlueßel	Meissel
Schlüßel	Hammer
Schlüssel	Hammer
Schluessel	Hammer
Schlueßel	Hammer
Schlüßel	Tisch
Schlüssel	Tisch
Schluessel	Tisch
Schlueßel	Tisch
Schlüßel	Flasche
Schlüssel	Flasche
Schluessel	Flasche
Schlueßel	Flasche
Schlüßel	Kopfsalat
Schlüssel	Kopfsalat
Schluessel	Kopfsalat
Schlueßel	Kopfsalat
Schlüßel	Telefon
Schlüssel	Telefon
Schluessel	Telefon
Schlueßel	Telefon
Schlüßel	Katze
Schlüssel	Katze
Schluessel	Katze
Schlueßel	Katze
Schlüßel	Karotte
Schlüssel	Karotte
Schluessel	Karotte
Schlueßel	Karotte
Schlüßel	Bär
Schlüßel	Baer
Schlüssel	Bär
Schlüssel	Baer
Schluessel	Bär
Schluessel	Baer
Schlueßel	Bär
Schlueßel	Baer
Schlüßel	Kuh
Schlüssel	Kuh
Schluessel	Kuh
Schlueßel	Kuh
Schlüßel	Armbanduhr
Schlüssel	Armbanduhr
Schluessel	Armbanduhr
Schlueßel	Armbanduhr
Schlüßel	Kleid
Schlüssel	Kleid
Schluessel	Kleid
Schlueßel	Kleid
Schlüßel	Schornstein
Schlüssel	Schornstein
Schluessel	Schornstein
Schlueßel	Schornstein
Schlüßel	Auge
Schlüssel	Auge
Schluessel	Auge
Schlueßel	Auge
Schlüßel	Iglu
Schlüssel	Iglu
Schluessel	Iglu
Schlueßel	Iglu
Schlüßel	Tomate
Schlüssel	Tomate
Schluessel	Tomate
Schlueßel	Tomate
Schlüßel	Bogen
Schlüssel	Bogen
Schluessel	Bogen
Schlueßel	Bogen
Schlüßel	Flugzeug
Schlüssel	Flugzeug
Schluessel	Flugzeug
Schlueßel	Flugzeug
Schlüßel	Kaefer
Schlüßel	Käfer
Schlüssel	Kaefer
Schlüssel	Käfer
Schluessel	Kaefer
Schluessel	Käfer
Schlueßel	Kaefer
Schlueßel	Käfer
Schlüßel	Taße
Schlüßel	Tasse
Schlüssel	Taße
Schlüssel	Tasse
Schluessel	Taße
Schluessel	Tasse
Schlueßel	Taße
Schlueßel	Tasse
Schlüßel	Meßer
Schlüßel	Messer
Schlüssel	Meßer
Schlüssel	Messer
Schluessel	Meßer
Schluessel	Messer
Schlueßel	Meßer
Schlueßel	Messer
Schlüßel	Schraubenzieher
Schlüssel	Schraubenzieher
Schluessel	Schraubenzieher
Schlueßel	Schraubenzieher
Schlüßel	Kleiderschrank
Schlüssel	Kleiderschrank
Schluessel	Kleiderschrank
Schlueßel	Kleiderschrank
Schlüßel	Ameise
Schlüssel	Ameise
Schluessel	Ameise
Schlueßel	Ameise
Schlüßel	Rock
Schlüssel	Rock
Schluessel	Rock
Schlueßel	Rock
Schlüßel	Glocke
Schlüssel	Glocke
Schluessel	Glocke
Schlueßel	Glocke
Schlüßel	Biene
Schlüssel	Biene
Schluessel	Biene
Schlueßel	Biene
Schlüßel	Mantel
Schlüssel	Mantel
Schluessel	Mantel
Schlueßel	Mantel
Schlüßel	Fliege
Schlüssel	Fliege
Schluessel	Fliege
Schlueßel	Fliege
Schlüßel	Pferd
Schlüssel	Pferd
Schluessel	Pferd
Schlueßel	Pferd
Schlüßel	Hund
Schlüssel	Hund
Schluessel	Hund
Schlueßel	Hund
Schlüßel	Haus
Schlüssel	Haus
Schluessel	Haus
Schlueßel	Haus
Schlüßel	Schreibtisch
Schlüssel	Schreibtisch
Schluessel	Schreibtisch
Schlueßel	Schreibtisch
Schlüßel	Stuhl
Schlüssel	Stuhl
Schluessel	Stuhl
Schlueßel	Stuhl
Schlüßel	Sellerie
Schlüssel	Sellerie
Schluessel	Sellerie
Schlueßel	Sellerie
Schlüßel	Fuss
Schlüßel	Fuß
Schlüssel	Fuss
Schlüssel	Fuß
Schluessel	Fuss
Schluessel	Fuß
Schlueßel	Fuss
Schlueßel	Fuß
Schlüßel	Schmetterling
Schlüssel	Schmetterling
Schluessel	Schmetterling
Schlueßel	Schmetterling
Schlüßel	Tür
Schlüßel	Tuer
Schlüssel	Tür
Schlüssel	Tuer
Schluessel	Tür
Schluessel	Tuer
Schlueßel	Tür
Schlueßel	Tuer
Kühlschrank	Auto
Kuehlschrank	Auto
Kühlschrank	Fahrrad
Kuehlschrank	Fahrrad
Kühlschrank	Arm
Kuehlschrank	Arm
Kühlschrank	Lastwagen
Kuehlschrank	Lastwagen
Kühlschrank	Bein
Kuehlschrank	Bein
Kühlschrank	Hand
Kuehlschrank	Hand
Kühlschrank	Mais
Kuehlschrank	Mais
Kühlschrank	Kommode
Kuehlschrank	Kommode
Kühlschrank	Schlüßel
Kühlschrank	Schlüssel
Kühlschrank	Schluessel
Kühlschrank	Schlueßel
Kuehlschrank	Schlüßel
Kuehlschrank	Schlüssel
Kuehlschrank	Schluessel
Kuehlschrank	Schlueßel
Kühlschrank	Zange
Kuehlschrank	Zange
Kühlschrank	Wohnung
Kuehlschrank	Wohnung
Kühlschrank	Zug
Kuehlschrank	Zug
Kühlschrank	Glas
Kuehlschrank	Glas
Kühlschrank	Kirche
Kuehlschrank	Kirche
Kühlschrank	Hose
Kuehlschrank	Hose
Kühlschrank	Bett
Kuehlschrank	Bett
Kühlschrank	Säge
Kühlschrank	Saege
Kuehlschrank	Säge
Kuehlschrank	Saege
Kühlschrank	Scheune
Kuehlschrank	Scheune
Kühlschrank	Hemd
Kuehlschrank	Hemd
Kühlschrank	Loeffel
Kühlschrank	Löffel
Kuehlschrank	Loeffel
Kuehlschrank	Löffel
Kühlschrank	Meißel
Kühlschrank	Meissel
Kuehlschrank	Meißel
Kuehlschrank	Meissel
Kühlschrank	Hammer
Kuehlschrank	Hammer
Kühlschrank	Tisch
Kuehlschrank	Tisch
Kühlschrank	Flasche
Kuehlschrank	Flasche
Kühlschrank	Kopfsalat
Kuehlschrank	Kopfsalat
Kühlschrank	Telefon
Kuehlschrank	Telefon
Kühlschrank	Katze
Kuehlschrank	Katze
Kühlschrank	Karotte
Kuehlschrank	Karotte
Kühlschrank	Bär
Kühlschrank	Baer
Kuehlschrank	Bär
Kuehlschrank	Baer
Kühlschrank	Kuh
Kuehlschrank	Kuh
Kühlschrank	Armbanduhr
Kuehlschrank	Armbanduhr
Kühlschrank	Kleid
Kuehlschrank	Kleid
Kühlschrank	Schornstein
Kuehlschrank	Schornstein
Kühlschrank	Auge
Kuehlschrank	Auge
Kühlschrank	Iglu
Kuehlschrank	Iglu
Kühlschrank	Tomate
Kuehlschrank	Tomate
Kühlschrank	Bogen
Kuehlschrank	Bogen
Kühlschrank	Flugzeug
Kuehlschrank	Flugzeug
Kühlschrank	Kaefer
Kühlschrank	Käfer
Kuehlschrank	Kaefer
Kuehlschrank	Käfer
Kühlschrank	Taße
Kühlschrank	Tasse
Kuehlschrank	Taße
Kuehlschrank	Tasse
Kühlschrank	Meßer
Kühlschrank	Messer
Kuehlschrank	Meßer
Kuehlschrank	Messer
Kühlschrank	Schraubenzieher
Kuehlschrank	Schraubenzieher
Kühlschrank	Kleiderschrank
Kuehlschrank	Kleiderschrank
Kühlschrank	Ameise
Kuehlschrank	Ameise
Kühlschrank	Rock
Kuehlschrank	Rock
Kühlschrank	Glocke
Kuehlschrank	Glocke
Kühlschrank	Biene
Kuehlschrank	Biene
Kühlschrank	Mantel
Kuehlschrank	Mantel
Kühlschrank	Fliege
Kuehlschrank	Fliege
Kühlschrank	Pferd
Kuehlschrank	Pferd
Kühlschrank	Hund
Kuehlschrank	Hund
Kühlschrank	Haus
Kuehlschrank	Haus
Kühlschrank	Schreibtisch
Kuehlschrank	Schreibtisch
Kühlschrank	Stuhl
Kuehlschrank	Stuhl
Kühlschrank	Sellerie
Kuehlschrank	Sellerie
Kühlschrank	Fuss
Kühlschrank	Fuß
Kuehlschrank	Fuss
Kuehlschrank	Fuß
Kühlschrank	Schmetterling
Kuehlschrank	Schmetterling
Kühlschrank	Tür
Kühlschrank	Tuer
Kuehlschrank	Tür
Kuehlschrank	Tuer
Zange	Auto
Zange	Fahrrad
Zange	Arm
Zange	Lastwagen
Zange	Bein
Zange	Hand
Zange	Mais
Zange	Kommode
Zange	Schlüßel
Zange	Schlüssel
Zange	Schluessel
Zange	Schlueßel
Zange	Kühlschrank
Zange	Kuehlschrank
Zange	Wohnung
Zange	Zug
Zange	Glas
Zange	Kirche
Zange	Hose
Zange	Bett
Zange	Säge
Zange	Saege
Zange	Scheune
Zange	Hemd
Zange	Loeffel
Zange	Löffel
Zange	Meißel
Zange	Meissel
Zange	Hammer
Zange	Tisch
Zange	Flasche
Zange	Kopfsalat
Zange	Telefon
Zange	Katze
Zange	Karotte
Zange	Bär
Zange	Baer
Zange	Kuh
Zange	Armbanduhr
Zange	Kleid
Zange	Schornstein
Zange	Auge
Zange	Iglu
Zange	Tomate
Zange	Bogen
Zange	Flugzeug
Zange	Kaefer
Zange	Käfer
Zange	Taße
Zange	Tasse
Zange	Meßer
Zange	Messer
Zange	Schraubenzieher
Zange	Kleiderschrank
Zange	Ameise
Zange	Rock
Zange	Glocke
Zange	Biene
Zange	Mantel
Zange	Fliege
Zange	Pferd
Zange	Hund
Zange	Haus
Zange	Schreibtisch
Zange	Stuhl
Zange	Sellerie
Zange	Fuss
Zange	Fuß
Zange	Schmetterling
Zange	Tür
Zange	Tuer
Wohnung	Auto
Wohnung	Fahrrad
Wohnung	Arm
Wohnung	Lastwagen
Wohnung	Bein
Wohnung	Hand
Wohnung	Mais
Wohnung	Kommode
Wohnung	Schlüßel
Wohnung	Schlüssel
Wohnung	Schluessel
Wohnung	Schlueßel
Wohnung	Kühlschrank
Wohnung	Kuehlschrank
Wohnung	Zange
Wohnung	Zug
Wohnung	Glas
Wohnung	Kirche
Wohnung	Hose
Wohnung	Bett
Wohnung	Säge
Wohnung	Saege
Wohnung	Scheune
Wohnung	Hemd
Wohnung	Loeffel
Wohnung	Löffel
Wohnung	Meißel
Wohnung	Meissel
Wohnung	Hammer
Wohnung	Tisch
Wohnung	Flasche
Wohnung	Kopfsalat
Wohnung	Telefon
Wohnung	Katze
Wohnung	Karotte
Wohnung	Bär
Wohnung	Baer
Wohnung	Kuh
Wohnung	Armbanduhr
Wohnung	Kleid
Wohnung	Schornstein
Wohnung	Auge
Wohnung	Iglu
Wohnung	Tomate
Wohnung	Bogen
Wohnung	Flugzeug
Wohnung	Kaefer
Wohnung	Käfer
Wohnung	Taße
Wohnung	Tasse
Wohnung	Meßer
Wohnung	Messer
Wohnung	Schraubenzieher
Wohnung	Kleiderschrank
Wohnung	Ameise
Wohnung	Rock
Wohnung	Glocke
Wohnung	Biene
Wohnung	Mantel
Wohnung	Fliege
Wohnung	Pferd
Wohnung	Hund
Wohnung	Haus
Wohnung	Schreibtisch
Wohnung	Stuhl
Wohnung	Sellerie
Wohnung	Fuss
Wohnung	Fuß
Wohnung	Schmetterling
Wohnung	Tür
Wohnung	Tuer
Zug	Auto
Zug	Fahrrad
Zug	Arm
Zug	Lastwagen
Zug	Bein
Zug	Hand
Zug	Mais
Zug	Kommode
Zug	Schlüßel
Zug	Schlüssel
Zug	Schluessel
Zug	Schlueßel
Zug	Kühlschrank
Zug	Kuehlschrank
Zug	Zange
Zug	Wohnung
Zug	Glas
Zug	Kirche
Zug	Hose
Zug	Bett
Zug	Säge
Zug	Saege
Zug	Scheune
Zug	Hemd
Zug	Loeffel
Zug	Löffel
Zug	Meißel
Zug	Meissel
Zug	Hammer
Zug	Tisch
Zug	Flasche
Zug	Kopfsalat
Zug	Telefon
Zug	Katze
Zug	Karotte
Zug	Bär
Zug	Baer
Zug	Kuh
Zug	Armbanduhr
Zug	Kleid
Zug	Schornstein
Zug	Auge
Zug	Iglu
Zug	Tomate
Zug	Bogen
Zug	Flugzeug
Zug	Kaefer
Zug	Käfer
Zug	Taße
Zug	Tasse
Zug	Meßer
Zug	Messer
Zug	Schraubenzieher
Zug	Kleiderschrank
Zug	Ameise
Zug	Rock
Zug	Glocke
Zug	Biene
Zug	Mantel
Zug	Fliege
Zug	Pferd
Zug	Hund
Zug	Haus
Zug	Schreibtisch
Zug	Stuhl
Zug	Sellerie
Zug	Fuss
Zug	Fuß
Zug	Schmetterling
Zug	Tür
Zug	Tuer
Glas	Auto
Glas	Fahrrad
Glas	Arm
Glas	Lastwagen
Glas	Bein
Glas	Hand
Glas	Mais
Glas	Kommode
Glas	Schlüßel
Glas	Schlüssel
Glas	Schluessel
Glas	Schlueßel
Glas	Kühlschrank
Glas	Kuehlschrank
Glas	Zange
Glas	Wohnung
Glas	Zug
Glas	Kirche
Glas	Hose
Glas	Bett
Glas	Säge
Glas	Saege
Glas	Scheune
Glas	Hemd
Glas	Loeffel
Glas	Löffel
Glas	Meißel
Glas	Meissel
Glas	Hammer
Glas	Tisch
Glas	Flasche
Glas	Kopfsalat
Glas	Telefon
Glas	Katze
Glas	Karotte
Glas	Bär
Glas	Baer
Glas	Kuh
Glas	Armbanduhr
Glas	Kleid
Glas	Schornstein
Glas	Auge
Glas	Iglu
Glas	Tomate
Glas	Bogen
Glas	Flugzeug
Glas	Kaefer
Glas	Käfer
Glas	Taße
Glas	Tasse
Glas	Meßer
Glas	Messer
Glas	Schraubenzieher
Glas	Kleiderschrank
Glas	Ameise
Glas	Rock
Glas	Glocke
Glas	Biene
Glas	Mantel
Glas	Fliege
Glas	Pferd
Glas	Hund
Glas	Haus
Glas	Schreibtisch
Glas	Stuhl
Glas	Sellerie
Glas	Fuss
Glas	Fuß
Glas	Schmetterling
Glas	Tür
Glas	Tuer
Kirche	Auto
Kirche	Fahrrad
Kirche	Arm
Kirche	Lastwagen
Kirche	Bein
Kirche	Hand
Kirche	Mais
Kirche	Kommode
Kirche	Schlüßel
Kirche	Schlüssel
Kirche	Schluessel
Kirche	Schlueßel
Kirche	Kühlschrank
Kirche	Kuehlschrank
Kirche	Zange
Kirche	Wohnung
Kirche	Zug
Kirche	Glas
Kirche	Hose
Kirche	Bett
Kirche	Säge
Kirche	Saege
Kirche	Scheune
Kirche	Hemd
Kirche	Loeffel
Kirche	Löffel
Kirche	Meißel
Kirche	Meissel
Kirche	Hammer
Kirche	Tisch
Kirche	Flasche
Kirche	Kopfsalat
Kirche	Telefon
Kirche	Katze
Kirche	Karotte
Kirche	Bär
Kirche	Baer
Kirche	Kuh
Kirche	Armbanduhr
Kirche	Kleid
Kirche	Schornstein
Kirche	Auge
Kirche	Iglu
Kirche	Tomate
Kirche	Bogen
Kirche	Flugzeug
Kirche	Kaefer
Kirche	Käfer
Kirche	Taße
Kirche	Tasse
Kirche	Meßer
Kirche	Messer
Kirche	Schraubenzieher
Kirche	Kleiderschrank
Kirche	Ameise
Kirche	Rock
Kirche	Glocke
Kirche	Biene
Kirche	Mantel
Kirche	Fliege
Kirche	Pferd
Kirche	Hund
Kirche	Haus
Kirche	Schreibtisch
Kirche	Stuhl
Kirche	Sellerie
Kirche	Fuss
Kirche	Fuß
Kirche	Schmetterling
Kirche	Tür
Kirche	Tuer
Hose	Auto
Hose	Fahrrad
Hose	Arm
Hose	Lastwagen
Hose	Bein
Hose	Hand
Hose	Mais
Hose	Kommode
Hose	Schlüßel
Hose	Schlüssel
Hose	Schluessel
Hose	Schlueßel
Hose	Kühlschrank
Hose	Kuehlschrank
Hose	Zange
Hose	Wohnung
Hose	Zug
Hose	Glas
Hose	Kirche
Hose	Bett
Hose	Säge
Hose	Saege
Hose	Scheune
Hose	Hemd
Hose	Loeffel
Hose	Löffel
Hose	Meißel
Hose	Meissel
Hose	Hammer
Hose	Tisch
Hose	Flasche
Hose	Kopfsalat
Hose	Telefon
Hose	Katze
Hose	Karotte
Hose	Bär
Hose	Baer
Hose	Kuh
Hose	Armbanduhr
Hose	Kleid
Hose	Schornstein
Hose	Auge
Hose	Iglu
Hose	Tomate
Hose	Bogen
Hose	Flugzeug
Hose	Kaefer
Hose	Käfer
Hose	Taße
Hose	Tasse
Hose	Meßer
Hose	Messer
Hose	Schraubenzieher
Hose	Kleiderschrank
Hose	Ameise
Hose	Rock
Hose	Glocke
Hose	Biene
Hose	Mantel
Hose	Fliege
Hose	Pferd
Hose	Hund
Hose	Haus
Hose	Schreibtisch
Hose	Stuhl
Hose	Sellerie
Hose	Fuss
Hose	Fuß
Hose	Schmetterling
Hose	Tür
Hose	Tuer
Bett	Auto
Bett	Fahrrad
Bett	Arm
Bett	Lastwagen
Bett	Bein
Bett	Hand
Bett	Mais
Bett	Kommode
Bett	Schlüßel
Bett	Schlüssel
Bett	Schluessel
Bett	Schlueßel
Bett	Kühlschrank
Bett	Kuehlschrank
Bett	Zange
Bett	Wohnung
Bett	Zug
Bett	Glas
Bett	Kirche
Bett	Hose
Bett	Säge
Bett	Saege
Bett	Scheune
Bett	Hemd
Bett	Loeffel
Bett	Löffel
Bett	Meißel
Bett	Meissel
Bett	Hammer
Bett	Tisch
Bett	Flasche
Bett	Kopfsalat
Bett	Telefon
Bett	Katze
Bett	Karotte
Bett	Bär
Bett	Baer
Bett	Kuh
Bett	Armbanduhr
Bett	Kleid
Bett	Schornstein
Bett	Auge
Bett	Iglu
Bett	Tomate
Bett	Bogen
Bett	Flugzeug
Bett	Kaefer
Bett	Käfer
Bett	Taße
Bett	Tasse
Bett	Meßer
Bett	Messer
Bett	Schraubenzieher
Bett	Kleiderschrank
Bett	Ameise
Bett	Rock
Bett	Glocke
Bett	Biene
Bett	Mantel
Bett	Fliege
Bett	Pferd
Bett	Hund
Bett	Haus
Bett	Schreibtisch
Bett	Stuhl
Bett	Sellerie
Bett	Fuss
Bett	Fuß
Bett	Schmetterling
Bett	Tür
Bett	Tuer
Säge	Auto
Saege	Auto
Säge	Fahrrad
Saege	Fahrrad
Säge	Arm
Saege	Arm
Säge	Lastwagen
Saege	Lastwagen
Säge	Bein
Saege	Bein
Säge	Hand
Saege	Hand
Säge	Mais
Saege	Mais
Säge	Kommode
Saege	Kommode
Säge	Schlüßel
Säge	Schlüssel
Säge	Schluessel
Säge	Schlueßel
Saege	Schlüßel
Saege	Schlüssel
Saege	Schluessel
Saege	Schlueßel
Säge	Kühlschrank
Säge	Kuehlschrank
Saege	Kühlschrank
Saege	Kuehlschrank
Säge	Zange
Saege	Zange
Säge	Wohnung
Saege	Wohnung
Säge	Zug
Saege	Zug
Säge	Glas
Saege	Glas
Säge	Kirche
Saege	Kirche
Säge	Hose
Saege	Hose
Säge	Bett
Saege	Bett
Säge	Scheune
Saege	Scheune
Säge	Hemd
Saege	Hemd
Säge	Loeffel
Säge	Löffel
Saege	Loeffel
Saege	Löffel
Säge	Meißel
Säge	Meissel
Saege	Meißel
Saege	Meissel
Säge	Hammer
Saege	Hammer
Säge	Tisch
Saege	Tisch
Säge	Flasche
Saege	Flasche
Säge	Kopfsalat
Saege	Kopfsalat
Säge	Telefon
Saege	Telefon
Säge	Katze
Saege	Katze
Säge	Karotte
Saege	Karotte
Säge	Bär
Säge	Baer
Saege	Bär
Saege	Baer
Säge	Kuh
Saege	Kuh
Säge	Armbanduhr
Saege	Armbanduhr
Säge	Kleid
Saege	Kleid
Säge	Schornstein
Saege	Schornstein
Säge	Auge
Saege	Auge
Säge	Iglu
Saege	Iglu
Säge	Tomate
Saege	Tomate
Säge	Bogen
Saege	Bogen
Säge	Flugzeug
Saege	Flugzeug
Säge	Kaefer
Säge	Käfer
Saege	Kaefer
Saege	Käfer
Säge	Taße
Säge	Tasse
Saege	Taße
Saege	Tasse
Säge	Meßer
Säge	Messer
Saege	Meßer
Saege	Messer
Säge	Schraubenzieher
Saege	Schraubenzieher
Säge	Kleiderschrank
Saege	Kleiderschrank
Säge	Ameise
Saege	Ameise
Säge	Rock
Saege	Rock
Säge	Glocke
Saege	Glocke
Säge	Biene
Saege	Biene
Säge	Mantel
Saege	Mantel
Säge	Fliege
Saege	Fliege
Säge	Pferd
Saege	Pferd
Säge	Hund
Saege	Hund
Säge	Haus
Saege	Haus
Säge	Schreibtisch
Saege	Schreibtisch
Säge	Stuhl
Saege	Stuhl
Säge	Sellerie
Saege	Sellerie
Säge	Fuss
Säge	Fuß
Saege	Fuss
Saege	Fuß
Säge	Schmetterling
Saege	Schmetterling
Säge	Tür
Säge	Tuer
Saege	Tür
Saege	Tuer
Scheune	Auto
Scheune	Fahrrad
Scheune	Arm
Scheune	Lastwagen
Scheune	Bein
Scheune	Hand
Scheune	Mais
Scheune	Kommode
Scheune	Schlüßel
Scheune	Schlüssel
Scheune	Schluessel
Scheune	Schlueßel
Scheune	Kühlschrank
Scheune	Kuehlschrank
Scheune	Zange
Scheune	Wohnung
Scheune	Zug
Scheune	Glas
Scheune	Kirche
Scheune	Hose
Scheune	Bett
Scheune	Säge
Scheune	Saege
Scheune	Hemd
Scheune	Loeffel
Scheune	Löffel
Scheune	Meißel
Scheune	Meissel
Scheune	Hammer
Scheune	Tisch
Scheune	Flasche
Scheune	Kopfsalat
Scheune	Telefon
Scheune	Katze
Scheune	Karotte
Scheune	Bär
Scheune	Baer
Scheune	Kuh
Scheune	Armbanduhr
Scheune	Kleid
Scheune	Schornstein
Scheune	Auge
Scheune	Iglu
Scheune	Tomate
Scheune	Bogen
Scheune	Flugzeug
Scheune	Kaefer
Scheune	Käfer
Scheune	Taße
Scheune	Tasse
Scheune	Meßer
Scheune	Messer
Scheune	Schraubenzieher
Scheune	Kleiderschrank
Scheune	Ameise
Scheune	Rock
Scheune	Glocke
Scheune	Biene
Scheune	Mantel
Scheune	Fliege
Scheune	Pferd
Scheune	Hund
Scheune	Haus
Scheune	Schreibtisch
Scheune	Stuhl
Scheune	Sellerie
Scheune	Fuss
Scheune	Fuß
Scheune	Schmetterling
Scheune	Tür
Scheune	Tuer
Hemd	Auto
Hemd	Fahrrad
Hemd	Arm
Hemd	Lastwagen
Hemd	Bein
Hemd	Hand
Hemd	Mais
Hemd	Kommode
Hemd	Schlüßel
Hemd	Schlüssel
Hemd	Schluessel
Hemd	Schlueßel
Hemd	Kühlschrank
Hemd	Kuehlschrank
Hemd	Zange
Hemd	Wohnung
Hemd	Zug
Hemd	Glas
Hemd	Kirche
Hemd	Hose
Hemd	Bett
Hemd	Säge
Hemd	Saege
Hemd	Scheune
Hemd	Loeffel
Hemd	Löffel
Hemd	Meißel
Hemd	Meissel
Hemd	Hammer
Hemd	Tisch
Hemd	Flasche
Hemd	Kopfsalat
Hemd	Telefon
Hemd	Katze
Hemd	Karotte
Hemd	Bär
Hemd	Baer
Hemd	Kuh
Hemd	Armbanduhr
Hemd	Kleid
Hemd	Schornstein
Hemd	Auge
Hemd	Iglu
Hemd	Tomate
Hemd	Bogen
Hemd	Flugzeug
Hemd	Kaefer
Hemd	Käfer
Hemd	Taße
Hemd	Tasse
Hemd	Meßer
Hemd	Messer
Hemd	Schraubenzieher
Hemd	Kleiderschrank
Hemd	Ameise
Hemd	Rock
Hemd	Glocke
Hemd	Biene
Hemd	Mantel
Hemd	Fliege
Hemd	Pferd
Hemd	Hund
Hemd	Haus
Hemd	Schreibtisch
Hemd	Stuhl
Hemd	Sellerie
Hemd	Fuss
Hemd	Fuß
Hemd	Schmetterling
Hemd	Tür
Hemd	Tuer
Loeffel	Auto
Löffel	Auto
Loeffel	Fahrrad
Löffel	Fahrrad
Loeffel	Arm
Löffel	Arm
Loeffel	Lastwagen
Löffel	Lastwagen
Loeffel	Bein
Löffel	Bein
Loeffel	Hand
Löffel	Hand
Loeffel	Mais
Löffel	Mais
Loeffel	Kommode
Löffel	Kommode
Loeffel	Schlüßel
Loeffel	Schlüssel
Loeffel	Schluessel
Loeffel	Schlueßel
Löffel	Schlüßel
Löffel	Schlüssel
Löffel	Schluessel
Löffel	Schlueßel
Loeffel	Kühlschrank
Loeffel	Kuehlschrank
Löffel	Kühlschrank
Löffel	Kuehlschrank
Loeffel	Zange
Löffel	Zange
Loeffel	Wohnung
Löffel	Wohnung
Loeffel	Zug
Löffel	Zug
Loeffel	Glas
Löffel	Glas
Loeffel	Kirche
Löffel	Kirche
Loeffel	Hose
Löffel	Hose
Loeffel	Bett
Löffel	Bett
Loeffel	Säge
Loeffel	Saege
Löffel	Säge
Löffel	Saege
Loeffel	Scheune
Löffel	Scheune
Loeffel	Hemd
Löffel	Hemd
Loeffel	Meißel
Loeffel	Meissel
Löffel	Meißel
Löffel	Meissel
Loeffel	Hammer
Löffel	Hammer
Loeffel	Tisch
Löffel	Tisch
Loeffel	Flasche
Löffel	Flasche
Loeffel	Kopfsalat
Löffel	Kopfsalat
Loeffel	Telefon
Löffel	Telefon
Loeffel	Katze
Löffel	Katze
Loeffel	Karotte
Löffel	Karotte
Loeffel	Bär
Loeffel	Baer
Löffel	Bär
Löffel	Baer
Loeffel	Kuh
Löffel	Kuh
Loeffel	Armbanduhr
Löffel	Armbanduhr
Loeffel	Kleid
Löffel	Kleid
Loeffel	Schornstein
Löffel	Schornstein
Loeffel	Auge
Löffel	Auge
Loeffel	Iglu
Löffel	Iglu
Loeffel	Tomate
Löffel	Tomate
Loeffel	Bogen
Löffel	Bogen
Loeffel	Flugzeug
Löffel	Flugzeug
Loeffel	Kaefer
Loeffel	Käfer
Löffel	Kaefer
Löffel	Käfer
Loeffel	Taße
Loeffel	Tasse
Löffel	Taße
Löffel	Tasse
Loeffel	Meßer
Loeffel	Messer
Löffel	Meßer
Löffel	Messer
Loeffel	Schraubenzieher
Löffel	Schraubenzieher
Loeffel	Kleiderschrank
Löffel	Kleiderschrank
Loeffel	Ameise
Löffel	Ameise
Loeffel	Rock
Löffel	Rock
Loeffel	Glocke
Löffel	Glocke
Loeffel	Biene
Löffel	Biene
Loeffel	Mantel
Löffel	Mantel
Loeffel	Fliege
Löffel	Fliege
Loeffel	Pferd
Löffel	Pferd
Loeffel	Hund
Löffel	Hund
Loeffel	Haus
Löffel	Haus
Loeffel	Schreibtisch
Löffel	Schreibtisch
Loeffel	Stuhl
Löffel	Stuhl
Loeffel	Sellerie
Löffel	Sellerie
Loeffel	Fuss
Loeffel	Fuß
Löffel	Fuss
Löffel	Fuß
Loeffel	Schmetterling
Löffel	Schmetterling
Loeffel	Tür
Loeffel	Tuer
Löffel	Tür
Löffel	Tuer
Meißel	Auto
Meissel	Auto
Meißel	Fahrrad
Meissel	Fahrrad
Meißel	Arm
Meissel	Arm
Meißel	Lastwagen
Meissel	Lastwagen
Meißel	Bein
Meissel	Bein
Meißel	Hand
Meissel	Hand
Meißel	Mais
Meissel	Mais
Meißel	Kommode
Meissel	Kommode
Meißel	Schlüßel
Meißel	Schlüssel
Meißel	Schluessel
Meißel	Schlueßel
Meissel	Schlüßel
Meissel	Schlüssel
Meissel	Schluessel
Meissel	Schlueßel
Meißel	Kühlschrank
Meißel	Kuehlschrank
Meissel	Kühlschrank
Meissel	Kuehlschrank
Meißel	Zange
Meissel	Zange
Meißel	Wohnung
Meissel	Wohnung
Meißel	Zug
Meissel	Zug
Meißel	Glas
Meissel	Glas
Meißel	Kirche
Meissel	Kirche
Meißel	Hose
Meissel	Hose
Meißel	Bett
Meissel	Bett
Meißel	Säge
Meißel	Saege
Meissel	Säge
Meissel	Saege
Meißel	Scheune
Meissel	Scheune
Meißel	Hemd
Meissel	Hemd
Meißel	Loeffel
Meißel	Löffel
Meissel	Loeffel
Meissel	Löffel
Meißel	Hammer
Meissel	Hammer
Meißel	Tisch
Meissel	Tisch
Meißel	Flasche
Meissel	Flasche
Meißel	Kopfsalat
Meissel	Kopfsalat
Meißel	Telefon
Meissel	Telefon
Meißel	Katze
Meissel	Katze
Meißel	Karotte
Meissel	Karotte
Meißel	Bär
Meißel	Baer
Meissel	Bär
Meissel	Baer
Meißel	Kuh
Meissel	Kuh
Meißel	Armbanduhr
Meissel	Armbanduhr
Meißel	Kleid
Meissel	Kleid
Meißel	Schornstein
Meissel	Schornstein
Meißel	Auge
Meissel	Auge
Meißel	Iglu
Meissel	Iglu
Meißel	Tomate
Meissel	Tomate
Meißel	Bogen
Meissel	Bogen
Meißel	Flugzeug
Meissel	Flugzeug
Meißel	Kaefer
Meißel	Käfer
Meissel	Kaefer
Meissel	Käfer
Meißel	Taße
Meißel	Tasse
Meissel	Taße
Meissel	Tasse
Meißel	Meßer
Meißel	Messer
Meissel	Meßer
Meissel	Messer
Meißel	Schraubenzieher
Meissel	Schraubenzieher
Meißel	Kleiderschrank
Meissel	Kleiderschrank
Meißel	Ameise
Meissel	Ameise
Meißel	Rock
Meissel	Rock
Meißel	Glocke
Meissel	Glocke
Meißel	Biene
Meissel	Biene
Meißel	Mantel
Meissel	Mantel
Meißel	Fliege
Meissel	Fliege
Meißel	Pferd
Meissel	Pferd
Meißel	Hund
Meissel	Hund
Meißel	Haus
Meissel	Haus
Meißel	Schreibtisch
Meissel	Schreibtisch
Meißel	Stuhl
Meissel	Stuhl
Meißel	Sellerie
Meissel	Sellerie
Meißel	Fuss
Meißel	Fuß
Meissel	Fuss
Meissel	Fuß
Meißel	Schmetterling
Meissel	Schmetterling
Meißel	Tür
Meißel	Tuer
Meissel	Tür
Meissel	Tuer
Hammer	Auto
Hammer	Fahrrad
Hammer	Arm
Hammer	Lastwagen
Hammer	Bein
Hammer	Hand
Hammer	Mais
Hammer	Kommode
Hammer	Schlüßel
Hammer	Schlüssel
Hammer	Schluessel
Hammer	Schlueßel
Hammer	Kühlschrank
Hammer	Kuehlschrank
Hammer	Zange
Hammer	Wohnung
Hammer	Zug
Hammer	Glas
Hammer	Kirche
Hammer	Hose
Hammer	Bett
Hammer	Säge
Hammer	Saege
Hammer	Scheune
Hammer	Hemd
Hammer	Loeffel
Hammer	Löffel
Hammer	Meißel
Hammer	Meissel
Hammer	Tisch
Hammer	Flasche
Hammer	Kopfsalat
Hammer	Telefon
Hammer	Katze
Hammer	Karotte
Hammer	Bär
Hammer	Baer
Hammer	Kuh
Hammer	Armbanduhr
Hammer	Kleid
Hammer	Schornstein
Hammer	Auge
Hammer	Iglu
Hammer	Tomate
Hammer	Bogen
Hammer	Flugzeug
Hammer	Kaefer
Hammer	Käfer
Hammer	Taße
Hammer	Tasse
Hammer	Meßer
Hammer	Messer
Hammer	Schraubenzieher
Hammer	Kleiderschrank
Hammer	Ameise
Hammer	Rock
Hammer	Glocke
Hammer	Biene
Hammer	Mantel
Hammer	Fliege
Hammer	Pferd
Hammer	Hund
Hammer	Haus
Hammer	Schreibtisch
Hammer	Stuhl
Hammer	Sellerie
Hammer	Fuss
Hammer	Fuß
Hammer	Schmetterling
Hammer	Tür
Hammer	Tuer
Tisch	Auto
Tisch	Fahrrad
Tisch	Arm
Tisch	Lastwagen
Tisch	Bein
Tisch	Hand
Tisch	Mais
Tisch	Kommode
Tisch	Schlüßel
Tisch	Schlüssel
Tisch	Schluessel
Tisch	Schlueßel
Tisch	Kühlschrank
Tisch	Kuehlschrank
Tisch	Zange
Tisch	Wohnung
Tisch	Zug
Tisch	Glas
Tisch	Kirche
Tisch	Hose
Tisch	Bett
Tisch	Säge
Tisch	Saege
Tisch	Scheune
Tisch	Hemd
Tisch	Loeffel
Tisch	Löffel
Tisch	Meißel
Tisch	Meissel
Tisch	Hammer
Tisch	Flasche
Tisch	Kopfsalat
Tisch	Telefon
Tisch	Katze
Tisch	Karotte
Tisch	Bär
Tisch	Baer
Tisch	Kuh
Tisch	Armbanduhr
Tisch	Kleid
Tisch	Schornstein
Tisch	Auge
Tisch	Iglu
Tisch	Tomate
Tisch	Bogen
Tisch	Flugzeug
Tisch	Kaefer
Tisch	Käfer
Tisch	Taße
Tisch	Tasse
Tisch	Meßer
Tisch	Messer
Tisch	Schraubenzieher
Tisch	Kleiderschrank
Tisch	Ameise
Tisch	Rock
Tisch	Glocke
Tisch	Biene
Tisch	Mantel
Tisch	Fliege
Tisch	Pferd
Tisch	Hund
Tisch	Haus
Tisch	Schreibtisch
Tisch	Stuhl
Tisch	Sellerie
Tisch	Fuss
Tisch	Fuß
Tisch	Schmetterling
Tisch	Tür
Tisch	Tuer
Flasche	Auto
Flasche	Fahrrad
Flasche	Arm
Flasche	Lastwagen
Flasche	Bein
Flasche	Hand
Flasche	Mais
Flasche	Kommode
Flasche	Schlüßel
Flasche	Schlüssel
Flasche	Schluessel
Flasche	Schlueßel
Flasche	Kühlschrank
Flasche	Kuehlschrank
Flasche	Zange
Flasche	Wohnung
Flasche	Zug
Flasche	Glas
Flasche	Kirche
Flasche	Hose
Flasche	Bett
Flasche	Säge
Flasche	Saege
Flasche	Scheune
Flasche	Hemd
Flasche	Loeffel
Flasche	Löffel
Flasche	Meißel
Flasche	Meissel
Flasche	Hammer
Flasche	Tisch
Flasche	Kopfsalat
Flasche	Telefon
Flasche	Katze
Flasche	Karotte
Flasche	Bär
Flasche	Baer
Flasche	Kuh
Flasche	Armbanduhr
Flasche	Kleid
Flasche	Schornstein
Flasche	Auge
Flasche	Iglu
Flasche	Tomate
Flasche	Bogen
Flasche	Flugzeug
Flasche	Kaefer
Flasche	Käfer
Flasche	Taße
Flasche	Tasse
Flasche	Meßer
Flasche	Messer
Flasche	Schraubenzieher
Flasche	Kleiderschrank
Flasche	Ameise
Flasche	Rock
Flasche	Glocke
Flasche	Biene
Flasche	Mantel
Flasche	Fliege
Flasche	Pferd
Flasche	Hund
Flasche	Haus
Flasche	Schreibtisch
Flasche	Stuhl
Flasche	Sellerie
Flasche	Fuss
Flasche	Fuß
Flasche	Schmetterling
Flasche	Tür
Flasche	Tuer
Kopfsalat	Auto
Kopfsalat	Fahrrad
Kopfsalat	Arm
Kopfsalat	Lastwagen
Kopfsalat	Bein
Kopfsalat	Hand
Kopfsalat	Mais
Kopfsalat	Kommode
Kopfsalat	Schlüßel
Kopfsalat	Schlüssel
Kopfsalat	Schluessel
Kopfsalat	Schlueßel
Kopfsalat	Kühlschrank
Kopfsalat	Kuehlschrank
Kopfsalat	Zange
Kopfsalat	Wohnung
Kopfsalat	Zug
Kopfsalat	Glas
Kopfsalat	Kirche
Kopfsalat	Hose
Kopfsalat	Bett
Kopfsalat	Säge
Kopfsalat	Saege
Kopfsalat	Scheune
Kopfsalat	Hemd
Kopfsalat	Loeffel
Kopfsalat	Löffel
Kopfsalat	Meißel
Kopfsalat	Meissel
Kopfsalat	Hammer
Kopfsalat	Tisch
Kopfsalat	Flasche
Kopfsalat	Telefon
Kopfsalat	Katze
Kopfsalat	Karotte
Kopfsalat	Bär
Kopfsalat	Baer
Kopfsalat	Kuh
Kopfsalat	Armbanduhr
Kopfsalat	Kleid
Kopfsalat	Schornstein
Kopfsalat	Auge
Kopfsalat	Iglu
Kopfsalat	Tomate
Kopfsalat	Bogen
Kopfsalat	Flugzeug
Kopfsalat	Kaefer
Kopfsalat	Käfer
Kopfsalat	Taße
Kopfsalat	Tasse
Kopfsalat	Meßer
Kopfsalat	Messer
Kopfsalat	Schraubenzieher
Kopfsalat	Kleiderschrank
Kopfsalat	Ameise
Kopfsalat	Rock
Kopfsalat	Glocke
Kopfsalat	Biene
Kopfsalat	Mantel
Kopfsalat	Fliege
Kopfsalat	Pferd
Kopfsalat	Hund
Kopfsalat	Haus
Kopfsalat	Schreibtisch
Kopfsalat	Stuhl
Kopfsalat	Sellerie
Kopfsalat	Fuss
Kopfsalat	Fuß
Kopfsalat	Schmetterling
Kopfsalat	Tür
Kopfsalat	Tuer
Telefon	Auto
Telefon	Fahrrad
Telefon	Arm
Telefon	Lastwagen
Telefon	Bein
Telefon	Hand
Telefon	Mais
Telefon	Kommode
Telefon	Schlüßel
Telefon	Schlüssel
Telefon	Schluessel
Telefon	Schlueßel
Telefon	Kühlschrank
Telefon	Kuehlschrank
Telefon	Zange
Telefon	Wohnung
Telefon	Zug
Telefon	Glas
Telefon	Kirche
Telefon	Hose
Telefon	Bett
Telefon	Säge
Telefon	Saege
Telefon	Scheune
Telefon	Hemd
Telefon	Loeffel
Telefon	Löffel
Telefon	Meißel
Telefon	Meissel
Telefon	Hammer
Telefon	Tisch
Telefon	Flasche
Telefon	Kopfsalat
Telefon	Katze
Telefon	Karotte
Telefon	Bär
Telefon	Baer
Telefon	Kuh
Telefon	Armbanduhr
Telefon	Kleid
Telefon	Schornstein
Telefon	Auge
Telefon	Iglu
Telefon	Tomate
Telefon	Bogen
Telefon	Flugzeug
Telefon	Kaefer
Telefon	Käfer
Telefon	Taße
Telefon	Tasse
Telefon	Meßer
Telefon	Messer
Telefon	Schraubenzieher
Telefon	Kleiderschrank
Telefon	Ameise
Telefon	Rock
Telefon	Glocke
Telefon	Biene
Telefon	Mantel
Telefon	Fliege
Telefon	Pferd
Telefon	Hund
Telefon	Haus
Telefon	Schreibtisch
Telefon	Stuhl
Telefon	Sellerie
Telefon	Fuss
Telefon	Fuß
Telefon	Schmetterling
Telefon	Tür
Telefon	Tuer
Katze	Auto
Katze	Fahrrad
Katze	Arm
Katze	Lastwagen
Katze	Bein
Katze	Hand
Katze	Mais
Katze	Kommode
Katze	Schlüßel
Katze	Schlüssel
Katze	Schluessel
Katze	Schlueßel
Katze	Kühlschrank
Katze	Kuehlschrank
Katze	Zange
Katze	Wohnung
Katze	Zug
Katze	Glas
Katze	Kirche
Katze	Hose
Katze	Bett
Katze	Säge
Katze	Saege
Katze	Scheune
Katze	Hemd
Katze	Loeffel
Katze	Löffel
Katze	Meißel
Katze	Meissel
Katze	Hammer
Katze	Tisch
Katze	Flasche
Katze	Kopfsalat
Katze	Telefon
Katze	Karotte
Katze	Bär
Katze	Baer
Katze	Kuh
Katze	Armbanduhr
Katze	Kleid
Katze	Schornstein
Katze	Auge
Katze	Iglu
Katze	Tomate
Katze	Bogen
Katze	Flugzeug
Katze	Kaefer
Katze	Käfer
Katze	Taße
Katze	Tasse
Katze	Meßer
Katze	Messer
Katze	Schraubenzieher
Katze	Kleiderschrank
Katze	Ameise
Katze	Rock
Katze	Glocke
Katze	Biene
Katze	Mantel
Katze	Fliege
Katze	Pferd
Katze	Hund
Katze	Haus
Katze	Schreibtisch
Katze	Stuhl
Katze	Sellerie
Katze	Fuss
Katze	Fuß
Katze	Schmetterling
Katze	Tür
Katze	Tuer
Karotte	Auto
Karotte	Fahrrad
Karotte	Arm
Karotte	Lastwagen
Karotte	Bein
Karotte	Hand
Karotte	Mais
Karotte	Kommode
Karotte	Schlüßel
Karotte	Schlüssel
Karotte	Schluessel
Karotte	Schlueßel
Karotte	Kühlschrank
Karotte	Kuehlschrank
Karotte	Zange
Karotte	Wohnung
Karotte	Zug
Karotte	Glas
Karotte	Kirche
Karotte	Hose
Karotte	Bett
Karotte	Säge
Karotte	Saege
Karotte	Scheune
Karotte	Hemd
Karotte	Loeffel
Karotte	Löffel
Karotte	Meißel
Karotte	Meissel
Karotte	Hammer
Karotte	Tisch
Karotte	Flasche
Karotte	Kopfsalat
Karotte	Telefon
Karotte	Katze
Karotte	Bär
Karotte	Baer
Karotte	Kuh
Karotte	Armbanduhr
Karotte	Kleid
Karotte	Schornstein
Karotte	Auge
Karotte	Iglu
Karotte	Tomate
Karotte	Bogen
Karotte	Flugzeug
Karotte	Kaefer
Karotte	Käfer
Karotte	Taße
Karotte	Tasse
Karotte	Meßer
Karotte	Messer
Karotte	Schraubenzieher
Karotte	Kleiderschrank
Karotte	Ameise
Karotte	Rock
Karotte	Glocke
Karotte	Biene
Karotte	Mantel
Karotte	Fliege
Karotte	Pferd
Karotte	Hund
Karotte	Haus
Karotte	Schreibtisch
Karotte	Stuhl
Karotte	Sellerie
Karotte	Fuss
Karotte	Fuß
Karotte	Schmetterling
Karotte	Tür
Karotte	Tuer
Bär	Auto
Baer	Auto
Bär	Fahrrad
Baer	Fahrrad
Bär	Arm
Baer	Arm
Bär	Lastwagen
Baer	Lastwagen
Bär	Bein
Baer	Bein
Bär	Hand
Baer	Hand
Bär	Mais
Baer	Mais
Bär	Kommode
Baer	Kommode
Bär	Schlüßel
Bär	Schlüssel
Bär	Schluessel
Bär	Schlueßel
Baer	Schlüßel
Baer	Schlüssel
Baer	Schluessel
Baer	Schlueßel
Bär	Kühlschrank
Bär	Kuehlschrank
Baer	Kühlschrank
Baer	Kuehlschrank
Bär	Zange
Baer	Zange
Bär	Wohnung
Baer	Wohnung
Bär	Zug
Baer	Zug
Bär	Glas
Baer	Glas
Bär	Kirche
Baer	Kirche
Bär	Hose
Baer	Hose
Bär	Bett
Baer	Bett
Bär	Säge
Bär	Saege
Baer	Säge
Baer	Saege
Bär	Scheune
Baer	Scheune
Bär	Hemd
Baer	Hemd
Bär	Loeffel
Bär	Löffel
Baer	Loeffel
Baer	Löffel
Bär	Meißel
Bär	Meissel
Baer	Meißel
Baer	Meissel
Bär	Hammer
Baer	Hammer
Bär	Tisch
Baer	Tisch
Bär	Flasche
Baer	Flasche
Bär	Kopfsalat
Baer	Kopfsalat
Bär	Telefon
Baer	Telefon
Bär	Katze
Baer	Katze
Bär	Karotte
Baer	Karotte
Bär	Kuh
Baer	Kuh
Bär	Armbanduhr
Baer	Armbanduhr
Bär	Kleid
Baer	Kleid
Bär	Schornstein
Baer	Schornstein
Bär	Auge
Baer	Auge
Bär	Iglu
Baer	Iglu
Bär	Tomate
Baer	Tomate
Bär	Bogen
Baer	Bogen
Bär	Flugzeug
Baer	Flugzeug
Bär	Kaefer
Bär	Käfer
Baer	Kaefer
Baer	Käfer
Bär	Taße
Bär	Tasse
Baer	Taße
Baer	Tasse
Bär	Meßer
Bär	Messer
Baer	Meßer
Baer	Messer
Bär	Schraubenzieher
Baer	Schraubenzieher
Bär	Kleiderschrank
Baer	Kleiderschrank
Bär	Ameise
Baer	Ameise
Bär	Rock
Baer	Rock
Bär	Glocke
Baer	Glocke
Bär	Biene
Baer	Biene
Bär	Mantel
Baer	Mantel
Bär	Fliege
Baer	Fliege
Bär	Pferd
Baer	Pferd
Bär	Hund
Baer	Hund
Bär	Haus
Baer	Haus
Bär	Schreibtisch
Baer	Schreibtisch
Bär	Stuhl
Baer	Stuhl
Bär	Sellerie
Baer	Sellerie
Bär	Fuss
Bär	Fuß
Baer	Fuss
Baer	Fuß
Bär	Schmetterling
Baer	Schmetterling
Bär	Tür
Bär	Tuer
Baer	Tür
Baer	Tuer
Kuh	Auto
Kuh	Fahrrad
Kuh	Arm
Kuh	Lastwagen
Kuh	Bein
Kuh	Hand
Kuh	Mais
Kuh	Kommode
Kuh	Schlüßel
Kuh	Schlüssel
Kuh	Schluessel
Kuh	Schlueßel
Kuh	Kühlschrank
Kuh	Kuehlschrank
Kuh	Zange
Kuh	Wohnung
Kuh	Zug
Kuh	Glas
Kuh	Kirche
Kuh	Hose
Kuh	Bett
Kuh	Säge
Kuh	Saege
Kuh	Scheune
Kuh	Hemd
Kuh	Loeffel
Kuh	Löffel
Kuh	Meißel
Kuh	Meissel
Kuh	Hammer
Kuh	Tisch
Kuh	Flasche
Kuh	Kopfsalat
Kuh	Telefon
Kuh	Katze
Kuh	Karotte
Kuh	Bär
Kuh	Baer
Kuh	Armbanduhr
Kuh	Kleid
Kuh	Schornstein
Kuh	Auge
Kuh	Iglu
Kuh	Tomate
Kuh	Bogen
Kuh	Flugzeug
Kuh	Kaefer
Kuh	Käfer
Kuh	Taße
Kuh	Tasse
Kuh	Meßer
Kuh	Messer
Kuh	Schraubenzieher
Kuh	Kleiderschrank
Kuh	Ameise
Kuh	Rock
Kuh	Glocke
Kuh	Biene
Kuh	Mantel
Kuh	Fliege
Kuh	Pferd
Kuh	Hund
Kuh	Haus
Kuh	Schreibtisch
Kuh	Stuhl
Kuh	Sellerie
Kuh	Fuss
Kuh	Fuß
Kuh	Schmetterling
Kuh	Tür
Kuh	Tuer
Armbanduhr	Auto
Armbanduhr	Fahrrad
Armbanduhr	Arm
Armbanduhr	Lastwagen
Armbanduhr	Bein
Armbanduhr	Hand
Armbanduhr	Mais
Armbanduhr	Kommode
Armbanduhr	Schlüßel
Armbanduhr	Schlüssel
Armbanduhr	Schluessel
Armbanduhr	Schlueßel
Armbanduhr	Kühlschrank
Armbanduhr	Kuehlschrank
Armbanduhr	Zange
Armbanduhr	Wohnung
Armbanduhr	Zug
Armbanduhr	Glas
Armbanduhr	Kirche
Armbanduhr	Hose
Armbanduhr	Bett
Armbanduhr	Säge
Armbanduhr	Saege
Armbanduhr	Scheune
Armbanduhr	Hemd
Armbanduhr	Loeffel
Armbanduhr	Löffel
Armbanduhr	Meißel
Armbanduhr	Meissel
Armbanduhr	Hammer
Armbanduhr	Tisch
Armbanduhr	Flasche
Armbanduhr	Kopfsalat
Armbanduhr	Telefon
Armbanduhr	Katze
Armbanduhr	Karotte
Armbanduhr	Bär
Armbanduhr	Baer
Armbanduhr	Kuh
Armbanduhr	Kleid
Armbanduhr	Schornstein
Armbanduhr	Auge
Armbanduhr	Iglu
Armbanduhr	Tomate
Armbanduhr	Bogen
Armbanduhr	Flugzeug
Armbanduhr	Kaefer
Armbanduhr	Käfer
Armbanduhr	Taße
Armbanduhr	Tasse
Armbanduhr	Meßer
Armbanduhr	Messer
Armbanduhr	Schraubenzieher
Armbanduhr	Kleiderschrank
Armbanduhr	Ameise
Armbanduhr	Rock
Armbanduhr	Glocke
Armbanduhr	Biene
Armbanduhr	Mantel
Armbanduhr	Fliege
Armbanduhr	Pferd
Armbanduhr	Hund
Armbanduhr	Haus
Armbanduhr	Schreibtisch
Armbanduhr	Stuhl
Armbanduhr	Sellerie
Armbanduhr	Fuss
Armbanduhr	Fuß
Armbanduhr	Schmetterling
Armbanduhr	Tür
Armbanduhr	Tuer
Kleid	Auto
Kleid	Fahrrad
Kleid	Arm
Kleid	Lastwagen
Kleid	Bein
Kleid	Hand
Kleid	Mais
Kleid	Kommode
Kleid	Schlüßel
Kleid	Schlüssel
Kleid	Schluessel
Kleid	Schlueßel
Kleid	Kühlschrank
Kleid	Kuehlschrank
Kleid	Zange
Kleid	Wohnung
Kleid	Zug
Kleid	Glas
Kleid	Kirche
Kleid	Hose
Kleid	Bett
Kleid	Säge
Kleid	Saege
Kleid	Scheune
Kleid	Hemd
Kleid	Loeffel
Kleid	Löffel
Kleid	Meißel
Kleid	Meissel
Kleid	Hammer
Kleid	Tisch
Kleid	Flasche
Kleid	Kopfsalat
Kleid	Telefon
Kleid	Katze
Kleid	Karotte
Kleid	Bär
Kleid	Baer
Kleid	Kuh
Kleid	Armbanduhr
Kleid	Schornstein
Kleid	Auge
Kleid	Iglu
Kleid	Tomate
Kleid	Bogen
Kleid	Flugzeug
Kleid	Kaefer
Kleid	Käfer
Kleid	Taße
Kleid	Tasse
Kleid	Meßer
Kleid	Messer
Kleid	Schraubenzieher
Kleid	Kleiderschrank
Kleid	Ameise
Kleid	Rock
Kleid	Glocke
Kleid	Biene
Kleid	Mantel
Kleid	Fliege
Kleid	Pferd
Kleid	Hund
Kleid	Haus
Kleid	Schreibtisch
Kleid	Stuhl
Kleid	Sellerie
Kleid	Fuss
Kleid	Fuß
Kleid	Schmetterling
Kleid	Tür
Kleid	Tuer
Schornstein	Auto
Schornstein	Fahrrad
Schornstein	Arm
Schornstein	Lastwagen
Schornstein	Bein
Schornstein	Hand
Schornstein	Mais
Schornstein	Kommode
Schornstein	Schlüßel
Schornstein	Schlüssel
Schornstein	Schluessel
Schornstein	Schlueßel
Schornstein	Kühlschrank
Schornstein	Kuehlschrank
Schornstein	Zange
Schornstein	Wohnung
Schornstein	Zug
Schornstein	Glas
Schornstein	Kirche
Schornstein	Hose
Schornstein	Bett
Schornstein	Säge
Schornstein	Saege
Schornstein	Scheune
Schornstein	Hemd
Schornstein	Loeffel
Schornstein	Löffel
Schornstein	Meißel
Schornstein	Meissel
Schornstein	Hammer
Schornstein	Tisch
Schornstein	Flasche
Schornstein	Kopfsalat
Schornstein	Telefon
Schornstein	Katze
Schornstein	Karotte
Schornstein	Bär
Schornstein	Baer
Schornstein	Kuh
Schornstein	Armbanduhr
Schornstein	Kleid
Schornstein	Auge
Schornstein	Iglu
Schornstein	Tomate
Schornstein	Bogen
Schornstein	Flugzeug
Schornstein	Kaefer
Schornstein	Käfer
Schornstein	Taße
Schornstein	Tasse
Schornstein	Meßer
Schornstein	Messer
Schornstein	Schraubenzieher
Schornstein	Kleiderschrank
Schornstein	Ameise
Schornstein	Rock
Schornstein	Glocke
Schornstein	Biene
Schornstein	Mantel
Schornstein	Fliege
Schornstein	Pferd
Schornstein	Hund
Schornstein	Haus
Schornstein	Schreibtisch
Schornstein	Stuhl
Schornstein	Sellerie
Schornstein	Fuss
Schornstein	Fuß
Schornstein	Schmetterling
Schornstein	Tür
Schornstein	Tuer
Auge	Auto
Auge	Fahrrad
Auge	Arm
Auge	Lastwagen
Auge	Bein
Auge	Hand
Auge	Mais
Auge	Kommode
Auge	Schlüßel
Auge	Schlüssel
Auge	Schluessel
Auge	Schlueßel
Auge	Kühlschrank
Auge	Kuehlschrank
Auge	Zange
Auge	Wohnung
Auge	Zug
Auge	Glas
Auge	Kirche
Auge	Hose
Auge	Bett
Auge	Säge
Auge	Saege
Auge	Scheune
Auge	Hemd
Auge	Loeffel
Auge	Löffel
Auge	Meißel
Auge	Meissel
Auge	Hammer
Auge	Tisch
Auge	Flasche
Auge	Kopfsalat
Auge	Telefon
Auge	Katze
Auge	Karotte
Auge	Bär
Auge	Baer
Auge	Kuh
Auge	Armbanduhr
Auge	Kleid
Auge	Schornstein
Auge	Iglu
Auge	Tomate
Auge	Bogen
Auge	Flugzeug
Auge	Kaefer
Auge	Käfer
Auge	Taße
Auge	Tasse
Auge	Meßer
Auge	Messer
Auge	Schraubenzieher
Auge	Kleiderschrank
Auge	Ameise
Auge	Rock
Auge	Glocke
Auge	Biene
Auge	Mantel
Auge	Fliege
Auge	Pferd
Auge	Hund
Auge	Haus
Auge	Schreibtisch
Auge	Stuhl
Auge	Sellerie
Auge	Fuss
Auge	Fuß
Auge	Schmetterling
Auge	Tür
Auge	Tuer
Iglu	Auto
Iglu	Fahrrad
Iglu	Arm
Iglu	Lastwagen
Iglu	Bein
Iglu	Hand
Iglu	Mais
Iglu	Kommode
Iglu	Schlüßel
Iglu	Schlüssel
Iglu	Schluessel
Iglu	Schlueßel
Iglu	Kühlschrank
Iglu	Kuehlschrank
Iglu	Zange
Iglu	Wohnung
Iglu	Zug
Iglu	Glas
Iglu	Kirche
Iglu	Hose
Iglu	Bett
Iglu	Säge
Iglu	Saege
Iglu	Scheune
Iglu	Hemd
Iglu	Loeffel
Iglu	Löffel
Iglu	Meißel
Iglu	Meissel
Iglu	Hammer
Iglu	Tisch
Iglu	Flasche
Iglu	Kopfsalat
Iglu	Telefon
Iglu	Katze
Iglu	Karotte
Iglu	Bär
Iglu	Baer
Iglu	Kuh
Iglu	Armbanduhr
Iglu	Kleid
Iglu	Schornstein
Iglu	Auge
Iglu	Tomate
Iglu	Bogen
Iglu	Flugzeug
Iglu	Kaefer
Iglu	Käfer
Iglu	Taße
Iglu	Tasse
Iglu	Meßer
Iglu	Messer
Iglu	Schraubenzieher
Iglu	Kleiderschrank
Iglu	Ameise
Iglu	Rock
Iglu	Glocke
Iglu	Biene
Iglu	Mantel
Iglu	Fliege
Iglu	Pferd
Iglu	Hund
Iglu	Haus
Iglu	Schreibtisch
Iglu	Stuhl
Iglu	Sellerie
Iglu	Fuss
Iglu	Fuß
Iglu	Schmetterling
Iglu	Tür
Iglu	Tuer
Tomate	Auto
Tomate	Fahrrad
Tomate	Arm
Tomate	Lastwagen
Tomate	Bein
Tomate	Hand
Tomate	Mais
Tomate	Kommode
Tomate	Schlüßel
Tomate	Schlüssel
Tomate	Schluessel
Tomate	Schlueßel
Tomate	Kühlschrank
Tomate	Kuehlschrank
Tomate	Zange
Tomate	Wohnung
Tomate	Zug
Tomate	Glas
Tomate	Kirche
Tomate	Hose
Tomate	Bett
Tomate	Säge
Tomate	Saege
Tomate	Scheune
Tomate	Hemd
Tomate	Loeffel
Tomate	Löffel
Tomate	Meißel
Tomate	Meissel
Tomate	Hammer
Tomate	Tisch
Tomate	Flasche
Tomate	Kopfsalat
Tomate	Telefon
Tomate	Katze
Tomate	Karotte
Tomate	Bär
Tomate	Baer
Tomate	Kuh
Tomate	Armbanduhr
Tomate	Kleid
Tomate	Schornstein
Tomate	Auge
Tomate	Iglu
Tomate	Bogen
Tomate	Flugzeug
Tomate	Kaefer
Tomate	Käfer
Tomate	Taße
Tomate	Tasse
Tomate	Meßer
Tomate	Messer
Tomate	Schraubenzieher
Tomate	Kleiderschrank
Tomate	Ameise
Tomate	Rock
Tomate	Glocke
Tomate	Biene
Tomate	Mantel
Tomate	Fliege
Tomate	Pferd
Tomate	Hund
Tomate	Haus
Tomate	Schreibtisch
Tomate	Stuhl
Tomate	Sellerie
Tomate	Fuss
Tomate	Fuß
Tomate	Schmetterling
Tomate	Tür
Tomate	Tuer
Bogen	Auto
Bogen	Fahrrad
Bogen	Arm
Bogen	Lastwagen
Bogen	Bein
Bogen	Hand
Bogen	Mais
Bogen	Kommode
Bogen	Schlüßel
Bogen	Schlüssel
Bogen	Schluessel
Bogen	Schlueßel
Bogen	Kühlschrank
Bogen	Kuehlschrank
Bogen	Zange
Bogen	Wohnung
Bogen	Zug
Bogen	Glas
Bogen	Kirche
Bogen	Hose
Bogen	Bett
Bogen	Säge
Bogen	Saege
Bogen	Scheune
Bogen	Hemd
Bogen	Loeffel
Bogen	Löffel
Bogen	Meißel
Bogen	Meissel
Bogen	Hammer
Bogen	Tisch
Bogen	Flasche
Bogen	Kopfsalat
Bogen	Telefon
Bogen	Katze
Bogen	Karotte
Bogen	Bär
Bogen	Baer
Bogen	Kuh
Bogen	Armbanduhr
Bogen	Kleid
Bogen	Schornstein
Bogen	Auge
Bogen	Iglu
Bogen	Tomate
Bogen	Flugzeug
Bogen	Kaefer
Bogen	Käfer
Bogen	Taße
Bogen	Tasse
Bogen	Meßer
Bogen	Messer
Bogen	Schraubenzieher
Bogen	Kleiderschrank
Bogen	Ameise
Bogen	Rock
Bogen	Glocke
Bogen	Biene
Bogen	Mantel
Bogen	Fliege
Bogen	Pferd
Bogen	Hund
Bogen	Haus
Bogen	Schreibtisch
Bogen	Stuhl
Bogen	Sellerie
Bogen	Fuss
Bogen	Fuß
Bogen	Schmetterling
Bogen	Tür
Bogen	Tuer
Flugzeug	Auto
Flugzeug	Fahrrad
Flugzeug	Arm
Flugzeug	Lastwagen
Flugzeug	Bein
Flugzeug	Hand
Flugzeug	Mais
Flugzeug	Kommode
Flugzeug	Schlüßel
Flugzeug	Schlüssel
Flugzeug	Schluessel
Flugzeug	Schlueßel
Flugzeug	Kühlschrank
Flugzeug	Kuehlschrank
Flugzeug	Zange
Flugzeug	Wohnung
Flugzeug	Zug
Flugzeug	Glas
Flugzeug	Kirche
Flugzeug	Hose
Flugzeug	Bett
Flugzeug	Säge
Flugzeug	Saege
Flugzeug	Scheune
Flugzeug	Hemd
Flugzeug	Loeffel
Flugzeug	Löffel
Flugzeug	Meißel
Flugzeug	Meissel
Flugzeug	Hammer
Flugzeug	Tisch
Flugzeug	Flasche
Flugzeug	Kopfsalat
Flugzeug	Telefon
Flugzeug	Katze
Flugzeug	Karotte
Flugzeug	Bär
Flugzeug	Baer
Flugzeug	Kuh
Flugzeug	Armbanduhr
Flugzeug	Kleid
Flugzeug	Schornstein
Flugzeug	Auge
Flugzeug	Iglu
Flugzeug	Tomate
Flugzeug	Bogen
Flugzeug	Kaefer
Flugzeug	Käfer
Flugzeug	Taße
Flugzeug	Tasse
Flugzeug	Meßer
Flugzeug	Messer
Flugzeug	Schraubenzieher
Flugzeug	Kleiderschrank
Flugzeug	Ameise
Flugzeug	Rock
Flugzeug	Glocke
Flugzeug	Biene
Flugzeug	Mantel
Flugzeug	Fliege
Flugzeug	Pferd
Flugzeug	Hund
Flugzeug	Haus
Flugzeug	Schreibtisch
Flugzeug	Stuhl
Flugzeug	Sellerie
Flugzeug	Fuss
Flugzeug	Fuß
Flugzeug	Schmetterling
Flugzeug	Tür
Flugzeug	Tuer
Kaefer	Auto
Käfer	Auto
Kaefer	Fahrrad
Käfer	Fahrrad
Kaefer	Arm
Käfer	Arm
Kaefer	Lastwagen
Käfer	Lastwagen
Kaefer	Bein
Käfer	Bein
Kaefer	Hand
Käfer	Hand
Kaefer	Mais
Käfer	Mais
Kaefer	Kommode
Käfer	Kommode
Kaefer	Schlüßel
Kaefer	Schlüssel
Kaefer	Schluessel
Kaefer	Schlueßel
Käfer	Schlüßel
Käfer	Schlüssel
Käfer	Schluessel
Käfer	Schlueßel
Kaefer	Kühlschrank
Kaefer	Kuehlschrank
Käfer	Kühlschrank
Käfer	Kuehlschrank
Kaefer	Zange
Käfer	Zange
Kaefer	Wohnung
Käfer	Wohnung
Kaefer	Zug
Käfer	Zug
Kaefer	Glas
Käfer	Glas
Kaefer	Kirche
Käfer	Kirche
Kaefer	Hose
Käfer	Hose
Kaefer	Bett
Käfer	Bett
Kaefer	Säge
Kaefer	Saege
Käfer	Säge
Käfer	Saege
Kaefer	Scheune
Käfer	Scheune
Kaefer	Hemd
Käfer	Hemd
Kaefer	Loeffel
Kaefer	Löffel
Käfer	Loeffel
Käfer	Löffel
Kaefer	Meißel
Kaefer	Meissel
Käfer	Meißel
Käfer	Meissel
Kaefer	Hammer
Käfer	Hammer
Kaefer	Tisch
Käfer	Tisch
Kaefer	Flasche
Käfer	Flasche
Kaefer	Kopfsalat
Käfer	Kopfsalat
Kaefer	Telefon
Käfer	Telefon
Kaefer	Katze
Käfer	Katze
Kaefer	Karotte
Käfer	Karotte
Kaefer	Bär
Kaefer	Baer
Käfer	Bär
Käfer	Baer
Kaefer	Kuh
Käfer	Kuh
Kaefer	Armbanduhr
Käfer	Armbanduhr
Kaefer	Kleid
Käfer	Kleid
Kaefer	Schornstein
Käfer	Schornstein
Kaefer	Auge
Käfer	Auge
Kaefer	Iglu
Käfer	Iglu
Kaefer	Tomate
Käfer	Tomate
Kaefer	Bogen
Käfer	Bogen
Kaefer	Flugzeug
Käfer	Flugzeug
Kaefer	Taße
Kaefer	Tasse
Käfer	Taße
Käfer	Tasse
Kaefer	Meßer
Kaefer	Messer
Käfer	Meßer
Käfer	Messer
Kaefer	Schraubenzieher
Käfer	Schraubenzieher
Kaefer	Kleiderschrank
Käfer	Kleiderschrank
Kaefer	Ameise
Käfer	Ameise
Kaefer	Rock
Käfer	Rock
Kaefer	Glocke
Käfer	Glocke
Kaefer	Biene
Käfer	Biene
Kaefer	Mantel
Käfer	Mantel
Kaefer	Fliege
Käfer	Fliege
Kaefer	Pferd
Käfer	Pferd
Kaefer	Hund
Käfer	Hund
Kaefer	Haus
Käfer	Haus
Kaefer	Schreibtisch
Käfer	Schreibtisch
Kaefer	Stuhl
Käfer	Stuhl
Kaefer	Sellerie
Käfer	Sellerie
Kaefer	Fuss
Kaefer	Fuß
Käfer	Fuss
Käfer	Fuß
Kaefer	Schmetterling
Käfer	Schmetterling
Kaefer	Tür
Kaefer	Tuer
Käfer	Tür
Käfer	Tuer
Taße	Auto
Tasse	Auto
Taße	Fahrrad
Tasse	Fahrrad
Taße	Arm
Tasse	Arm
Taße	Lastwagen
Tasse	Lastwagen
Taße	Bein
Tasse	Bein
Taße	Hand
Tasse	Hand
Taße	Mais
Tasse	Mais
Taße	Kommode
Tasse	Kommode
Taße	Schlüßel
Taße	Schlüssel
Taße	Schluessel
Taße	Schlueßel
Tasse	Schlüßel
Tasse	Schlüssel
Tasse	Schluessel
Tasse	Schlueßel
Taße	Kühlschrank
Taße	Kuehlschrank
Tasse	Kühlschrank
Tasse	Kuehlschrank
Taße	Zange
Tasse	Zange
Taße	Wohnung
Tasse	Wohnung
Taße	Zug
Tasse	Zug
Taße	Glas
Tasse	Glas
Taße	Kirche
Tasse	Kirche
Taße	Hose
Tasse	Hose
Taße	Bett
Tasse	Bett
Taße	Säge
Taße	Saege
Tasse	Säge
Tasse	Saege
Taße	Scheune
Tasse	Scheune
Taße	Hemd
Tasse	Hemd
Taße	Loeffel
Taße	Löffel
Tasse	Loeffel
Tasse	Löffel
Taße	Meißel
Taße	Meissel
Tasse	Meißel
Tasse	Meissel
Taße	Hammer
Tasse	Hammer
Taße	Tisch
Tasse	Tisch
Taße	Flasche
Tasse	Flasche
Taße	Kopfsalat
Tasse	Kopfsalat
Taße	Telefon
Tasse	Telefon
Taße	Katze
Tasse	Katze
Taße	Karotte
Tasse	Karotte
Taße	Bär
Taße	Baer
Tasse	Bär
Tasse	Baer
Taße	Kuh
Tasse	Kuh
Taße	Armbanduhr
Tasse	Armbanduhr
Taße	Kleid
Tasse	Kleid
Taße	Schornstein
Tasse	Schornstein
Taße	Auge
Tasse	Auge
Taße	Iglu
Tasse	Iglu
Taße	Tomate
Tasse	Tomate
Taße	Bogen
Tasse	Bogen
Taße	Flugzeug
Tasse	Flugzeug
Taße	Kaefer
Taße	Käfer
Tasse	Kaefer
Tasse	Käfer
Taße	Meßer
Taße	Messer
Tasse	Meßer
Tasse	Messer
Taße	Schraubenzieher
Tasse	Schraubenzieher
Taße	Kleiderschrank
Tasse	Kleiderschrank
Taße	Ameise
Tasse	Ameise
Taße	Rock
Tasse	Rock
Taße	Glocke
Tasse	Glocke
Taße	Biene
Tasse	Biene
Taße	Mantel
Tasse	Mantel
Taße	Fliege
Tasse	Fliege
Taße	Pferd
Tasse	Pferd
Taße	Hund
Tasse	Hund
Taße	Haus
Tasse	Haus
Taße	Schreibtisch
Tasse	Schreibtisch
Taße	Stuhl
Tasse	Stuhl
Taße	Sellerie
Tasse	Sellerie
Taße	Fuss
Taße	Fuß
Tasse	Fuss
Tasse	Fuß
Taße	Schmetterling
Tasse	Schmetterling
Taße	Tür
Taße	Tuer
Tasse	Tür
Tasse	Tuer
Meßer	Auto
Messer	Auto
Meßer	Fahrrad
Messer	Fahrrad
Meßer	Arm
Messer	Arm
Meßer	Lastwagen
Messer	Lastwagen
Meßer	Bein
Messer	Bein
Meßer	Hand
Messer	Hand
Meßer	Mais
Messer	Mais
Meßer	Kommode
Messer	Kommode
Meßer	Schlüßel
Meßer	Schlüssel
Meßer	Schluessel
Meßer	Schlueßel
Messer	Schlüßel
Messer	Schlüssel
Messer	Schluessel
Messer	Schlueßel
Meßer	Kühlschrank
Meßer	Kuehlschrank
Messer	Kühlschrank
Messer	Kuehlschrank
Meßer	Zange
Messer	Zange
Meßer	Wohnung
Messer	Wohnung
Meßer	Zug
Messer	Zug
Meßer	Glas
Messer	Glas
Meßer	Kirche
Messer	Kirche
Meßer	Hose
Messer	Hose
Meßer	Bett
Messer	Bett
Meßer	Säge
Meßer	Saege
Messer	Säge
Messer	Saege
Meßer	Scheune
Messer	Scheune
Meßer	Hemd
Messer	Hemd
Meßer	Loeffel
Meßer	Löffel
Messer	Loeffel
Messer	Löffel
Meßer	Meißel
Meßer	Meissel
Messer	Meißel
Messer	Meissel
Meßer	Hammer
Messer	Hammer
Meßer	Tisch
Messer	Tisch
Meßer	Flasche
Messer	Flasche
Meßer	Kopfsalat
Messer	Kopfsalat
Meßer	Telefon
Messer	Telefon
Meßer	Katze
Messer	Katze
Meßer	Karotte
Messer	Karotte
Meßer	Bär
Meßer	Baer
Messer	Bär
Messer	Baer
Meßer	Kuh
Messer	Kuh
Meßer	Armbanduhr
Messer	Armbanduhr
Meßer	Kleid
Messer	Kleid
Meßer	Schornstein
Messer	Schornstein
Meßer	Auge
Messer	Auge
Meßer	Iglu
Messer	Iglu
Meßer	Tomate
Messer	Tomate
Meßer	Bogen
Messer	Bogen
Meßer	Flugzeug
Messer	Flugzeug
Meßer	Kaefer
Meßer	Käfer
Messer	Kaefer
Messer	Käfer
Meßer	Taße
Meßer	Tasse
Messer	Taße
Messer	Tasse
Meßer	Schraubenzieher
Messer	Schraubenzieher
Meßer	Kleiderschrank
Messer	Kleiderschrank
Meßer	Ameise
Messer	Ameise
Meßer	Rock
Messer	Rock
Meßer	Glocke
Messer	Glocke
Meßer	Biene
Messer	Biene
Meßer	Mantel
Messer	Mantel
Meßer	Fliege
Messer	Fliege
Meßer	Pferd
Messer	Pferd
Meßer	Hund
Messer	Hund
Meßer	Haus
Messer	Haus
Meßer	Schreibtisch
Messer	Schreibtisch
Meßer	Stuhl
Messer	Stuhl
Meßer	Sellerie
Messer	Sellerie
Meßer	Fuss
Meßer	Fuß
Messer	Fuss
Messer	Fuß
Meßer	Schmetterling
Messer	Schmetterling
Meßer	Tür
Meßer	Tuer
Messer	Tür
Messer	Tuer
Schraubenzieher	Auto
Schraubenzieher	Fahrrad
Schraubenzieher	Arm
Schraubenzieher	Lastwagen
Schraubenzieher	Bein
Schraubenzieher	Hand
Schraubenzieher	Mais
Schraubenzieher	Kommode
Schraubenzieher	Schlüßel
Schraubenzieher	Schlüssel
Schraubenzieher	Schluessel
Schraubenzieher	Schlueßel
Schraubenzieher	Kühlschrank
Schraubenzieher	Kuehlschrank
Schraubenzieher	Zange
Schraubenzieher	Wohnung
Schraubenzieher	Zug
Schraubenzieher	Glas
Schraubenzieher	Kirche
Schraubenzieher	Hose
Schraubenzieher	Bett
Schraubenzieher	Säge
Schraubenzieher	Saege
Schraubenzieher	Scheune
Schraubenzieher	Hemd
Schraubenzieher	Loeffel
Schraubenzieher	Löffel
Schraubenzieher	Meißel
Schraubenzieher	Meissel
Schraubenzieher	Hammer
Schraubenzieher	Tisch
Schraubenzieher	Flasche
Schraubenzieher	Kopfsalat
Schraubenzieher	Telefon
Schraubenzieher	Katze
Schraubenzieher	Karotte
Schraubenzieher	Bär
Schraubenzieher	Baer
Schraubenzieher	Kuh
Schraubenzieher	Armbanduhr
Schraubenzieher	Kleid
Schraubenzieher	Schornstein
Schraubenzieher	Auge
Schraubenzieher	Iglu
Schraubenzieher	Tomate
Schraubenzieher	Bogen
Schraubenzieher	Flugzeug
Schraubenzieher	Kaefer
Schraubenzieher	Käfer
Schraubenzieher	Taße
Schraubenzieher	Tasse
Schraubenzieher	Meßer
Schraubenzieher	Messer
Schraubenzieher	Kleiderschrank
Schraubenzieher	Ameise
Schraubenzieher	Rock
Schraubenzieher	Glocke
Schraubenzieher	Biene
Schraubenzieher	Mantel
Schraubenzieher	Fliege
Schraubenzieher	Pferd
Schraubenzieher	Hund
Schraubenzieher	Haus
Schraubenzieher	Schreibtisch
Schraubenzieher	Stuhl
Schraubenzieher	Sellerie
Schraubenzieher	Fuss
Schraubenzieher	Fuß
Schraubenzieher	Schmetterling
Schraubenzieher	Tür
Schraubenzieher	Tuer
Kleiderschrank	Auto
Kleiderschrank	Fahrrad
Kleiderschrank	Arm
Kleiderschrank	Lastwagen
Kleiderschrank	Bein
Kleiderschrank	Hand
Kleiderschrank	Mais
Kleiderschrank	Kommode
Kleiderschrank	Schlüßel
Kleiderschrank	Schlüssel
Kleiderschrank	Schluessel
Kleiderschrank	Schlueßel
Kleiderschrank	Kühlschrank
Kleiderschrank	Kuehlschrank
Kleiderschrank	Zange
Kleiderschrank	Wohnung
Kleiderschrank	Zug
Kleiderschrank	Glas
Kleiderschrank	Kirche
Kleiderschrank	Hose
Kleiderschrank	Bett
Kleiderschrank	Säge
Kleiderschrank	Saege
Kleiderschrank	Scheune
Kleiderschrank	Hemd
Kleiderschrank	Loeffel
Kleiderschrank	Löffel
Kleiderschrank	Meißel
Kleiderschrank	Meissel
Kleiderschrank	Hammer
Kleiderschrank	Tisch
Kleiderschrank	Flasche
Kleiderschrank	Kopfsalat
Kleiderschrank	Telefon
Kleiderschrank	Katze
Kleiderschrank	Karotte
Kleiderschrank	Bär
Kleiderschrank	Baer
Kleiderschrank	Kuh
Kleiderschrank	Armbanduhr
Kleiderschrank	Kleid
Kleiderschrank	Schornstein
Kleiderschrank	Auge
Kleiderschrank	Iglu
Kleiderschrank	Tomate
Kleiderschrank	Bogen
Kleiderschrank	Flugzeug
Kleiderschrank	Kaefer
Kleiderschrank	Käfer
Kleiderschrank	Taße
Kleiderschrank	Tasse
Kleiderschrank	Meßer
Kleiderschrank	Messer
Kleiderschrank	Schraubenzieher
Kleiderschrank	Ameise
Kleiderschrank	Rock
Kleiderschrank	Glocke
Kleiderschrank	Biene
Kleiderschrank	Mantel
Kleiderschrank	Fliege
Kleiderschrank	Pferd
Kleiderschrank	Hund
Kleiderschrank	Haus
Kleiderschrank	Schreibtisch
Kleiderschrank	Stuhl
Kleiderschrank	Sellerie
Kleiderschrank	Fuss
Kleiderschrank	Fuß
Kleiderschrank	Schmetterling
Kleiderschrank	Tür
Kleiderschrank	Tuer
Ameise	Auto
Ameise	Fahrrad
Ameise	Arm
Ameise	Lastwagen
Ameise	Bein
Ameise	Hand
Ameise	Mais
Ameise	Kommode
Ameise	Schlüßel
Ameise	Schlüssel
Ameise	Schluessel
Ameise	Schlueßel
Ameise	Kühlschrank
Ameise	Kuehlschrank
Ameise	Zange
Ameise	Wohnung
Ameise	Zug
Ameise	Glas
Ameise	Kirche
Ameise	Hose
Ameise	Bett
Ameise	Säge
Ameise	Saege
Ameise	Scheune
Ameise	Hemd
Ameise	Loeffel
Ameise	Löffel
Ameise	Meißel
Ameise	Meissel
Ameise	Hammer
Ameise	Tisch
Ameise	Flasche
Ameise	Kopfsalat
Ameise	Telefon
Ameise	Katze
Ameise	Karotte
Ameise	Bär
Ameise	Baer
Ameise	Kuh
Ameise	Armbanduhr
Ameise	Kleid
Ameise	Schornstein
Ameise	Auge
Ameise	Iglu
Ameise	Tomate
Ameise	Bogen
Ameise	Flugzeug
Ameise	Kaefer
Ameise	Käfer
Ameise	Taße
Ameise	Tasse
Ameise	Meßer
Ameise	Messer
Ameise	Schraubenzieher
Ameise	Kleiderschrank
Ameise	Rock
Ameise	Glocke
Ameise	Biene
Ameise	Mantel
Ameise	Fliege
Ameise	Pferd
Ameise	Hund
Ameise	Haus
Ameise	Schreibtisch
Ameise	Stuhl
Ameise	Sellerie
Ameise	Fuss
Ameise	Fuß
Ameise	Schmetterling
Ameise	Tür
Ameise	Tuer
Rock	Auto
Rock	Fahrrad
Rock	Arm
Rock	Lastwagen
Rock	Bein
Rock	Hand
Rock	Mais
Rock	Kommode
Rock	Schlüßel
Rock	Schlüssel
Rock	Schluessel
Rock	Schlueßel
Rock	Kühlschrank
Rock	Kuehlschrank
Rock	Zange
Rock	Wohnung
Rock	Zug
Rock	Glas
Rock	Kirche
Rock	Hose
Rock	Bett
Rock	Säge
Rock	Saege
Rock	Scheune
Rock	Hemd
Rock	Loeffel
Rock	Löffel
Rock	Meißel
Rock	Meissel
Rock	Hammer
Rock	Tisch
Rock	Flasche
Rock	Kopfsalat
Rock	Telefon
Rock	Katze
Rock	Karotte
Rock	Bär
Rock	Baer
Rock	Kuh
Rock	Armbanduhr
Rock	Kleid
Rock	Schornstein
Rock	Auge
Rock	Iglu
Rock	Tomate
Rock	Bogen
Rock	Flugzeug
Rock	Kaefer
Rock	Käfer
Rock	Taße
Rock	Tasse
Rock	Meßer
Rock	Messer
Rock	Schraubenzieher
Rock	Kleiderschrank
Rock	Ameise
Rock	Glocke
Rock	Biene
Rock	Mantel
Rock	Fliege
Rock	Pferd
Rock	Hund
Rock	Haus
Rock	Schreibtisch
Rock	Stuhl
Rock	Sellerie
Rock	Fuss
Rock	Fuß
Rock	Schmetterling
Rock	Tür
Rock	Tuer
Glocke	Auto
Glocke	Fahrrad
Glocke	Arm
Glocke	Lastwagen
Glocke	Bein
Glocke	Hand
Glocke	Mais
Glocke	Kommode
Glocke	Schlüßel
Glocke	Schlüssel
Glocke	Schluessel
Glocke	Schlueßel
Glocke	Kühlschrank
Glocke	Kuehlschrank
Glocke	Zange
Glocke	Wohnung
Glocke	Zug
Glocke	Glas
Glocke	Kirche
Glocke	Hose
Glocke	Bett
Glocke	Säge
Glocke	Saege
Glocke	Scheune
Glocke	Hemd
Glocke	Loeffel
Glocke	Löffel
Glocke	Meißel
Glocke	Meissel
Glocke	Hammer
Glocke	Tisch
Glocke	Flasche
Glocke	Kopfsalat
Glocke	Telefon
Glocke	Katze
Glocke	Karotte
Glocke	Bär
Glocke	Baer
Glocke	Kuh
Glocke	Armbanduhr
Glocke	Kleid
Glocke	Schornstein
Glocke	Auge
Glocke	Iglu
Glocke	Tomate
Glocke	Bogen
Glocke	Flugzeug
Glocke	Kaefer
Glocke	Käfer
Glocke	Taße
Glocke	Tasse
Glocke	Meßer
Glocke	Messer
Glocke	Schraubenzieher
Glocke	Kleiderschrank
Glocke	Ameise
Glocke	Rock
Glocke	Biene
Glocke	Mantel
Glocke	Fliege
Glocke	Pferd
Glocke	Hund
Glocke	Haus
Glocke	Schreibtisch
Glocke	Stuhl
Glocke	Sellerie
Glocke	Fuss
Glocke	Fuß
Glocke	Schmetterling
Glocke	Tür
Glocke	Tuer
Biene	Auto
Biene	Fahrrad
Biene	Arm
Biene	Lastwagen
Biene	Bein
Biene	Hand
Biene	Mais
Biene	Kommode
Biene	Schlüßel
Biene	Schlüssel
Biene	Schluessel
Biene	Schlueßel
Biene	Kühlschrank
Biene	Kuehlschrank
Biene	Zange
Biene	Wohnung
Biene	Zug
Biene	Glas
Biene	Kirche
Biene	Hose
Biene	Bett
Biene	Säge
Biene	Saege
Biene	Scheune
Biene	Hemd
Biene	Loeffel
Biene	Löffel
Biene	Meißel
Biene	Meissel
Biene	Hammer
Biene	Tisch
Biene	Flasche
Biene	Kopfsalat
Biene	Telefon
Biene	Katze
Biene	Karotte
Biene	Bär
Biene	Baer
Biene	Kuh
Biene	Armbanduhr
Biene	Kleid
Biene	Schornstein
Biene	Auge
Biene	Iglu
Biene	Tomate
Biene	Bogen
Biene	Flugzeug
Biene	Kaefer
Biene	Käfer
Biene	Taße
Biene	Tasse
Biene	Meßer
Biene	Messer
Biene	Schraubenzieher
Biene	Kleiderschrank
Biene	Ameise
Biene	Rock
Biene	Glocke
Biene	Mantel
Biene	Fliege
Biene	Pferd
Biene	Hund
Biene	Haus
Biene	Schreibtisch
Biene	Stuhl
Biene	Sellerie
Biene	Fuss
Biene	Fuß
Biene	Schmetterling
Biene	Tür
Biene	Tuer
Mantel	Auto
Mantel	Fahrrad
Mantel	Arm
Mantel	Lastwagen
Mantel	Bein
Mantel	Hand
Mantel	Mais
Mantel	Kommode
Mantel	Schlüßel
Mantel	Schlüssel
Mantel	Schluessel
Mantel	Schlueßel
Mantel	Kühlschrank
Mantel	Kuehlschrank
Mantel	Zange
Mantel	Wohnung
Mantel	Zug
Mantel	Glas
Mantel	Kirche
Mantel	Hose
Mantel	Bett
Mantel	Säge
Mantel	Saege
Mantel	Scheune
Mantel	Hemd
Mantel	Loeffel
Mantel	Löffel
Mantel	Meißel
Mantel	Meissel
Mantel	Hammer
Mantel	Tisch
Mantel	Flasche
Mantel	Kopfsalat
Mantel	Telefon
Mantel	Katze
Mantel	Karotte
Mantel	Bär
Mantel	Baer
Mantel	Kuh
Mantel	Armbanduhr
Mantel	Kleid
Mantel	Schornstein
Mantel	Auge
Mantel	Iglu
Mantel	Tomate
Mantel	Bogen
Mantel	Flugzeug
Mantel	Kaefer
Mantel	Käfer
Mantel	Taße
Mantel	Tasse
Mantel	Meßer
Mantel	Messer
Mantel	Schraubenzieher
Mantel	Kleiderschrank
Mantel	Ameise
Mantel	Rock
Mantel	Glocke
Mantel	Biene
Mantel	Fliege
Mantel	Pferd
Mantel	Hund
Mantel	Haus
Mantel	Schreibtisch
Mantel	Stuhl
Mantel	Sellerie
Mantel	Fuss
Mantel	Fuß
Mantel	Schmetterling
Mantel	Tür
Mantel	Tuer
Fliege	Auto
Fliege	Fahrrad
Fliege	Arm
Fliege	Lastwagen
Fliege	Bein
Fliege	Hand
Fliege	Mais
Fliege	Kommode
Fliege	Schlüßel
Fliege	Schlüssel
Fliege	Schluessel
Fliege	Schlueßel
Fliege	Kühlschrank
Fliege	Kuehlschrank
Fliege	Zange
Fliege	Wohnung
Fliege	Zug
Fliege	Glas
Fliege	Kirche
Fliege	Hose
Fliege	Bett
Fliege	Säge
Fliege	Saege
Fliege	Scheune
Fliege	Hemd
Fliege	Loeffel
Fliege	Löffel
Fliege	Meißel
Fliege	Meissel
Fliege	Hammer
Fliege	Tisch
Fliege	Flasche
Fliege	Kopfsalat
Fliege	Telefon
Fliege	Katze
Fliege	Karotte
Fliege	Bär
Fliege	Baer
Fliege	Kuh
Fliege	Armbanduhr
Fliege	Kleid
Fliege	Schornstein
Fliege	Auge
Fliege	Iglu
Fliege	Tomate
Fliege	Bogen
Fliege	Flugzeug
Fliege	Kaefer
Fliege	Käfer
Fliege	Taße
Fliege	Tasse
Fliege	Meßer
Fliege	Messer
Fliege	Schraubenzieher
Fliege	Kleiderschrank
Fliege	Ameise
Fliege	Rock
Fliege	Glocke
Fliege	Biene
Fliege	Mantel
Fliege	Pferd
Fliege	Hund
Fliege	Haus
Fliege	Schreibtisch
Fliege	Stuhl
Fliege	Sellerie
Fliege	Fuss
Fliege	Fuß
Fliege	Schmetterling
Fliege	Tür
Fliege	Tuer
Pferd	Auto
Pferd	Fahrrad
Pferd	Arm
Pferd	Lastwagen
Pferd	Bein
Pferd	Hand
Pferd	Mais
Pferd	Kommode
Pferd	Schlüßel
Pferd	Schlüssel
Pferd	Schluessel
Pferd	Schlueßel
Pferd	Kühlschrank
Pferd	Kuehlschrank
Pferd	Zange
Pferd	Wohnung
Pferd	Zug
Pferd	Glas
Pferd	Kirche
Pferd	Hose
Pferd	Bett
Pferd	Säge
Pferd	Saege
Pferd	Scheune
Pferd	Hemd
Pferd	Loeffel
Pferd	Löffel
Pferd	Meißel
Pferd	Meissel
Pferd	Hammer
Pferd	Tisch
Pferd	Flasche
Pferd	Kopfsalat
Pferd	Telefon
Pferd	Katze
Pferd	Karotte
Pferd	Bär
Pferd	Baer
Pferd	Kuh
Pferd	Armbanduhr
Pferd	Kleid
Pferd	Schornstein
Pferd	Auge
Pferd	Iglu
Pferd	Tomate
Pferd	Bogen
Pferd	Flugzeug
Pferd	Kaefer
Pferd	Käfer
Pferd	Taße
Pferd	Tasse
Pferd	Meßer
Pferd	Messer
Pferd	Schraubenzieher
Pferd	Kleiderschrank
Pferd	Ameise
Pferd	Rock
Pferd	Glocke
Pferd	Biene
Pferd	Mantel
Pferd	Fliege
Pferd	Hund
Pferd	Haus
Pferd	Schreibtisch
Pferd	Stuhl
Pferd	Sellerie
Pferd	Fuss
Pferd	Fuß
Pferd	Schmetterling
Pferd	Tür
Pferd	Tuer
Hund	Auto
Hund	Fahrrad
Hund	Arm
Hund	Lastwagen
Hund	Bein
Hund	Hand
Hund	Mais
Hund	Kommode
Hund	Schlüßel
Hund	Schlüssel
Hund	Schluessel
Hund	Schlueßel
Hund	Kühlschrank
Hund	Kuehlschrank
Hund	Zange
Hund	Wohnung
Hund	Zug
Hund	Glas
Hund	Kirche
Hund	Hose
Hund	Bett
Hund	Säge
Hund	Saege
Hund	Scheune
Hund	Hemd
Hund	Loeffel
Hund	Löffel
Hund	Meißel
Hund	Meissel
Hund	Hammer
Hund	Tisch
Hund	Flasche
Hund	Kopfsalat
Hund	Telefon
Hund	Katze
Hund	Karotte
Hund	Bär
Hund	Baer
Hund	Kuh
Hund	Armbanduhr
Hund	Kleid
Hund	Schornstein
Hund	Auge
Hund	Iglu
Hund	Tomate
Hund	Bogen
Hund	Flugzeug
Hund	Kaefer
Hund	Käfer
Hund	Taße
Hund	Tasse
Hund	Meßer
Hund	Messer
Hund	Schraubenzieher
Hund	Kleiderschrank
Hund	Ameise
Hund	Rock
Hund	Glocke
Hund	Biene
Hund	Mantel
Hund	Fliege
Hund	Pferd
Hund	Haus
Hund	Schreibtisch
Hund	Stuhl
Hund	Sellerie
Hund	Fuss
Hund	Fuß
Hund	Schmetterling
Hund	Tür
Hund	Tuer
Haus	Auto
Haus	Fahrrad
Haus	Arm
Haus	Lastwagen
Haus	Bein
Haus	Hand
Haus	Mais
Haus	Kommode
Haus	Schlüßel
Haus	Schlüssel
Haus	Schluessel
Haus	Schlueßel
Haus	Kühlschrank
Haus	Kuehlschrank
Haus	Zange
Haus	Wohnung
Haus	Zug
Haus	Glas
Haus	Kirche
Haus	Hose
Haus	Bett
Haus	Säge
Haus	Saege
Haus	Scheune
Haus	Hemd
Haus	Loeffel
Haus	Löffel
Haus	Meißel
Haus	Meissel
Haus	Hammer
Haus	Tisch
Haus	Flasche
Haus	Kopfsalat
Haus	Telefon
Haus	Katze
Haus	Karotte
Haus	Bär
Haus	Baer
Haus	Kuh
Haus	Armbanduhr
Haus	Kleid
Haus	Schornstein
Haus	Auge
Haus	Iglu
Haus	Tomate
Haus	Bogen
Haus	Flugzeug
Haus	Kaefer
Haus	Käfer
Haus	Taße
Haus	Tasse
Haus	Meßer
Haus	Messer
Haus	Schraubenzieher
Haus	Kleiderschrank
Haus	Ameise
Haus	Rock
Haus	Glocke
Haus	Biene
Haus	Mantel
Haus	Fliege
Haus	Pferd
Haus	Hund
Haus	Schreibtisch
Haus	Stuhl
Haus	Sellerie
Haus	Fuss
Haus	Fuß
Haus	Schmetterling
Haus	Tür
Haus	Tuer
Schreibtisch	Auto
Schreibtisch	Fahrrad
Schreibtisch	Arm
Schreibtisch	Lastwagen
Schreibtisch	Bein
Schreibtisch	Hand
Schreibtisch	Mais
Schreibtisch	Kommode
Schreibtisch	Schlüßel
Schreibtisch	Schlüssel
Schreibtisch	Schluessel
Schreibtisch	Schlueßel
Schreibtisch	Kühlschrank
Schreibtisch	Kuehlschrank
Schreibtisch	Zange
Schreibtisch	Wohnung
Schreibtisch	Zug
Schreibtisch	Glas
Schreibtisch	Kirche
Schreibtisch	Hose
Schreibtisch	Bett
Schreibtisch	Säge
Schreibtisch	Saege
Schreibtisch	Scheune
Schreibtisch	Hemd
Schreibtisch	Loeffel
Schreibtisch	Löffel
Schreibtisch	Meißel
Schreibtisch	Meissel
Schreibtisch	Hammer
Schreibtisch	Tisch
Schreibtisch	Flasche
Schreibtisch	Kopfsalat
Schreibtisch	Telefon
Schreibtisch	Katze
Schreibtisch	Karotte
Schreibtisch	Bär
Schreibtisch	Baer
Schreibtisch	Kuh
Schreibtisch	Armbanduhr
Schreibtisch	Kleid
Schreibtisch	Schornstein
Schreibtisch	Auge
Schreibtisch	Iglu
Schreibtisch	Tomate
Schreibtisch	Bogen
Schreibtisch	Flugzeug
Schreibtisch	Kaefer
Schreibtisch	Käfer
Schreibtisch	Taße
Schreibtisch	Tasse
Schreibtisch	Meßer
Schreibtisch	Messer
Schreibtisch	Schraubenzieher
Schreibtisch	Kleiderschrank
Schreibtisch	Ameise
Schreibtisch	Rock
Schreibtisch	Glocke
Schreibtisch	Biene
Schreibtisch	Mantel
Schreibtisch	Fliege
Schreibtisch	Pferd
Schreibtisch	Hund
Schreibtisch	Haus
Schreibtisch	Stuhl
Schreibtisch	Sellerie
Schreibtisch	Fuss
Schreibtisch	Fuß
Schreibtisch	Schmetterling
Schreibtisch	Tür
Schreibtisch	Tuer
Stuhl	Auto
Stuhl	Fahrrad
Stuhl	Arm
Stuhl	Lastwagen
Stuhl	Bein
Stuhl	Hand
Stuhl	Mais
Stuhl	Kommode
Stuhl	Schlüßel
Stuhl	Schlüssel
Stuhl	Schluessel
Stuhl	Schlueßel
Stuhl	Kühlschrank
Stuhl	Kuehlschrank
Stuhl	Zange
Stuhl	Wohnung
Stuhl	Zug
Stuhl	Glas
Stuhl	Kirche
Stuhl	Hose
Stuhl	Bett
Stuhl	Säge
Stuhl	Saege
Stuhl	Scheune
Stuhl	Hemd
Stuhl	Loeffel
Stuhl	Löffel
Stuhl	Meißel
Stuhl	Meissel
Stuhl	Hammer
Stuhl	Tisch
Stuhl	Flasche
Stuhl	Kopfsalat
Stuhl	Telefon
Stuhl	Katze
Stuhl	Karotte
Stuhl	Bär
Stuhl	Baer
Stuhl	Kuh
Stuhl	Armbanduhr
Stuhl	Kleid
Stuhl	Schornstein
Stuhl	Auge
Stuhl	Iglu
Stuhl	Tomate
Stuhl	Bogen
Stuhl	Flugzeug
Stuhl	Kaefer
Stuhl	Käfer
Stuhl	Taße
Stuhl	Tasse
Stuhl	Meßer
Stuhl	Messer
Stuhl	Schraubenzieher
Stuhl	Kleiderschrank
Stuhl	Ameise
Stuhl	Rock
Stuhl	Glocke
Stuhl	Biene
Stuhl	Mantel
Stuhl	Fliege
Stuhl	Pferd
Stuhl	Hund
Stuhl	Haus
Stuhl	Schreibtisch
Stuhl	Sellerie
Stuhl	Fuss
Stuhl	Fuß
Stuhl	Schmetterling
Stuhl	Tür
Stuhl	Tuer
Sellerie	Auto
Sellerie	Fahrrad
Sellerie	Arm
Sellerie	Lastwagen
Sellerie	Bein
Sellerie	Hand
Sellerie	Mais
Sellerie	Kommode
Sellerie	Schlüßel
Sellerie	Schlüssel
Sellerie	Schluessel
Sellerie	Schlueßel
Sellerie	Kühlschrank
Sellerie	Kuehlschrank
Sellerie	Zange
Sellerie	Wohnung
Sellerie	Zug
Sellerie	Glas
Sellerie	Kirche
Sellerie	Hose
Sellerie	Bett
Sellerie	Säge
Sellerie	Saege
Sellerie	Scheune
Sellerie	Hemd
Sellerie	Loeffel
Sellerie	Löffel
Sellerie	Meißel
Sellerie	Meissel
Sellerie	Hammer
Sellerie	Tisch
Sellerie	Flasche
Sellerie	Kopfsalat
Sellerie	Telefon
Sellerie	Katze
Sellerie	Karotte
Sellerie	Bär
Sellerie	Baer
Sellerie	Kuh
Sellerie	Armbanduhr
Sellerie	Kleid
Sellerie	Schornstein
Sellerie	Auge
Sellerie	Iglu
Sellerie	Tomate
Sellerie	Bogen
Sellerie	Flugzeug
Sellerie	Kaefer
Sellerie	Käfer
Sellerie	Taße
Sellerie	Tasse
Sellerie	Meßer
Sellerie	Messer
Sellerie	Schraubenzieher
Sellerie	Kleiderschrank
Sellerie	Ameise
Sellerie	Rock
Sellerie	Glocke
Sellerie	Biene
Sellerie	Mantel
Sellerie	Fliege
Sellerie	Pferd
Sellerie	Hund
Sellerie	Haus
Sellerie	Schreibtisch
Sellerie	Stuhl
Sellerie	Fuss
Sellerie	Fuß
Sellerie	Schmetterling
Sellerie	Tür
Sellerie	Tuer
Fuss	Auto
Fuß	Auto
Fuss	Fahrrad
Fuß	Fahrrad
Fuss	Arm
Fuß	Arm
Fuss	Lastwagen
Fuß	Lastwagen
Fuss	Bein
Fuß	Bein
Fuss	Hand
Fuß	Hand
Fuss	Mais
Fuß	Mais
Fuss	Kommode
Fuß	Kommode
Fuss	Schlüßel
Fuss	Schlüssel
Fuss	Schluessel
Fuss	Schlueßel
Fuß	Schlüßel
Fuß	Schlüssel
Fuß	Schluessel
Fuß	Schlueßel
Fuss	Kühlschrank
Fuss	Kuehlschrank
Fuß	Kühlschrank
Fuß	Kuehlschrank
Fuss	Zange
Fuß	Zange
Fuss	Wohnung
Fuß	Wohnung
Fuss	Zug
Fuß	Zug
Fuss	Glas
Fuß	Glas
Fuss	Kirche
Fuß	Kirche
Fuss	Hose
Fuß	Hose
Fuss	Bett
Fuß	Bett
Fuss	Säge
Fuss	Saege
Fuß	Säge
Fuß	Saege
Fuss	Scheune
Fuß	Scheune
Fuss	Hemd
Fuß	Hemd
Fuss	Loeffel
Fuss	Löffel
Fuß	Loeffel
Fuß	Löffel
Fuss	Meißel
Fuss	Meissel
Fuß	Meißel
Fuß	Meissel
Fuss	Hammer
Fuß	Hammer
Fuss	Tisch
Fuß	Tisch
Fuss	Flasche
Fuß	Flasche
Fuss	Kopfsalat
Fuß	Kopfsalat
Fuss	Telefon
Fuß	Telefon
Fuss	Katze
Fuß	Katze
Fuss	Karotte
Fuß	Karotte
Fuss	Bär
Fuss	Baer
Fuß	Bär
Fuß	Baer
Fuss	Kuh
Fuß	Kuh
Fuss	Armbanduhr
Fuß	Armbanduhr
Fuss	Kleid
Fuß	Kleid
Fuss	Schornstein
Fuß	Schornstein
Fuss	Auge
Fuß	Auge
Fuss	Iglu
Fuß	Iglu
Fuss	Tomate
Fuß	Tomate
Fuss	Bogen
Fuß	Bogen
Fuss	Flugzeug
Fuß	Flugzeug
Fuss	Kaefer
Fuss	Käfer
Fuß	Kaefer
Fuß	Käfer
Fuss	Taße
Fuss	Tasse
Fuß	Taße
Fuß	Tasse
Fuss	Meßer
Fuss	Messer
Fuß	Meßer
Fuß	Messer
Fuss	Schraubenzieher
Fuß	Schraubenzieher
Fuss	Kleiderschrank
Fuß	Kleiderschrank
Fuss	Ameise
Fuß	Ameise
Fuss	Rock
Fuß	Rock
Fuss	Glocke
Fuß	Glocke
Fuss	Biene
Fuß	Biene
Fuss	Mantel
Fuß	Mantel
Fuss	Fliege
Fuß	Fliege
Fuss	Pferd
Fuß	Pferd
Fuss	Hund
Fuß	Hund
Fuss	Haus
Fuß	Haus
Fuss	Schreibtisch
Fuß	Schreibtisch
Fuss	Stuhl
Fuß	Stuhl
Fuss	Sellerie
Fuß	Sellerie
Fuss	Schmetterling
Fuß	Schmetterling
Fuss	Tür
Fuss	Tuer
Fuß	Tür
Fuß	Tuer
Schmetterling	Auto
Schmetterling	Fahrrad
Schmetterling	Arm
Schmetterling	Lastwagen
Schmetterling	Bein
Schmetterling	Hand
Schmetterling	Mais
Schmetterling	Kommode
Schmetterling	Schlüßel
Schmetterling	Schlüssel
Schmetterling	Schluessel
Schmetterling	Schlueßel
Schmetterling	Kühlschrank
Schmetterling	Kuehlschrank
Schmetterling	Zange
Schmetterling	Wohnung
Schmetterling	Zug
Schmetterling	Glas
Schmetterling	Kirche
Schmetterling	Hose
Schmetterling	Bett
Schmetterling	Säge
Schmetterling	Saege
Schmetterling	Scheune
Schmetterling	Hemd
Schmetterling	Loeffel
Schmetterling	Löffel
Schmetterling	Meißel
Schmetterling	Meissel
Schmetterling	Hammer
Schmetterling	Tisch
Schmetterling	Flasche
Schmetterling	Kopfsalat
Schmetterling	Telefon
Schmetterling	Katze
Schmetterling	Karotte
Schmetterling	Bär
Schmetterling	Baer
Schmetterling	Kuh
Schmetterling	Armbanduhr
Schmetterling	Kleid
Schmetterling	Schornstein
Schmetterling	Auge
Schmetterling	Iglu
Schmetterling	Tomate
Schmetterling	Bogen
Schmetterling	Flugzeug
Schmetterling	Kaefer
Schmetterling	Käfer
Schmetterling	Taße
Schmetterling	Tasse
Schmetterling	Meßer
Schmetterling	Messer
Schmetterling	Schraubenzieher
Schmetterling	Kleiderschrank
Schmetterling	Ameise
Schmetterling	Rock
Schmetterling	Glocke
Schmetterling	Biene
Schmetterling	Mantel
Schmetterling	Fliege
Schmetterling	Pferd
Schmetterling	Hund
Schmetterling	Haus
Schmetterling	Schreibtisch
Schmetterling	Stuhl
Schmetterling	Sellerie
Schmetterling	Fuss
Schmetterling	Fuß
Schmetterling	Tür
Schmetterling	Tuer
Tür	Auto
Tuer	Auto
Tür	Fahrrad
Tuer	Fahrrad
Tür	Arm
Tuer	Arm
Tür	Lastwagen
Tuer	Lastwagen
Tür	Bein
Tuer	Bein
Tür	Hand
Tuer	Hand
Tür	Mais
Tuer	Mais
Tür	Kommode
Tuer	Kommode
Tür	Schlüßel
Tür	Schlüssel
Tür	Schluessel
Tür	Schlueßel
Tuer	Schlüßel
Tuer	Schlüssel
Tuer	Schluessel
Tuer	Schlueßel
Tür	Kühlschrank
Tür	Kuehlschrank
Tuer	Kühlschrank
Tuer	Kuehlschrank
Tür	Zange
Tuer	Zange
Tür	Wohnung
Tuer	Wohnung
Tür	Zug
Tuer	Zug
Tür	Glas
Tuer	Glas
Tür	Kirche
Tuer	Kirche
Tür	Hose
Tuer	Hose
Tür	Bett
Tuer	Bett
Tür	Säge
Tür	Saege
Tuer	Säge
Tuer	Saege
Tür	Scheune
Tuer	Scheune
Tür	Hemd
Tuer	Hemd
Tür	Loeffel
Tür	Löffel
Tuer	Loeffel
Tuer	Löffel
Tür	Meißel
Tür	Meissel
Tuer	Meißel
Tuer	Meissel
Tür	Hammer
Tuer	Hammer
Tür	Tisch
Tuer	Tisch
Tür	Flasche
Tuer	Flasche
Tür	Kopfsalat
Tuer	Kopfsalat
Tür	Telefon
Tuer	Telefon
Tür	Katze
Tuer	Katze
Tür	Karotte
Tuer	Karotte
Tür	Bär
Tür	Baer
Tuer	Bär
Tuer	Baer
Tür	Kuh
Tuer	Kuh
Tür	Armbanduhr
Tuer	Armbanduhr
Tür	Kleid
Tuer	Kleid
Tür	Schornstein
Tuer	Schornstein
Tür	Auge
Tuer	Auge
Tür	Iglu
Tuer	Iglu
Tür	Tomate
Tuer	Tomate
Tür	Bogen
Tuer	Bogen
Tür	Flugzeug
Tuer	Flugzeug
Tür	Kaefer
Tür	Käfer
Tuer	Kaefer
Tuer	Käfer
Tür	Taße
Tür	Tasse
Tuer	Taße
Tuer	Tasse
Tür	Meßer
Tür	Messer
Tuer	Meßer
Tuer	Messer
Tür	Schraubenzieher
Tuer	Schraubenzieher
Tür	Kleiderschrank
Tuer	Kleiderschrank
Tür	Ameise
Tuer	Ameise
Tür	Rock
Tuer	Rock
Tür	Glocke
Tuer	Glocke
Tür	Biene
Tuer	Biene
Tür	Mantel
Tuer	Mantel
Tür	Fliege
Tuer	Fliege
Tür	Pferd
Tuer	Pferd
Tür	Hund
Tuer	Hund
Tür	Haus
Tuer	Haus
Tür	Schreibtisch
Tuer	Schreibtisch
Tür	Stuhl
Tuer	Stuhl
Tür	Sellerie
Tuer	Sellerie
Tür	Fuss
Tür	Fuß
Tuer	Fuss
Tuer	Fuß
Tür	Schmetterling
Tuer	Schmetterling
